-6.264538e-01,-6.965481e-02, 9.916010e-01, 2.021347e+00,-1.246753e+00,-4.265299e-01,-1.210142e+00, 9.770827e-01,-6.251050e-01,-5.823317e-01, 3.515480e-02, 3.544112e-01, 1.329613e-01,-1.442478e+00,-7.267667e-01,-5.441704e-01, 2.291755e+00,-1.166687e+00,-8.394849e-01,-8.488947e-01
 1.836433e-01,-2.476643e-01, 1.593967e+00, 1.005973e+00, 9.981544e-01,-9.264042e-01, 2.044773e-01,-2.341611e-01,-8.751468e-01, 8.865886e-01,-6.667864e-01,-3.489784e-01,-1.033402e+00,-5.904516e-01,-2.478614e-01, 1.226516e-01, 8.720901e-01, 3.188004e-01, 6.819052e-01,-1.118510e+00
-8.356286e-01, 6.955508e-01,-1.372711e+00, 8.171236e-01,-5.408727e-01,-9.285579e-01,-1.399410e-02, 8.486606e-01, 1.433569e-01,-2.211157e+00,-8.156868e-01,-1.460789e-01,-1.728287e+00,-7.922468e-01, 1.344292e-01, 9.546756e-01,-3.701146e-01,-9.243215e-01, 8.213980e-01, 8.027603e-01
 1.595281e+00, 1.146228e+00,-2.496109e-01,-6.639883e-01,-2.163758e-01,-7.189006e-01,-2.352008e-01, 6.539709e-01, 1.425190e+00,-1.548883e-01, 1.218774e-01,-4.525842e-01,-1.159871e+00,-9.318700e-01, 1.085318e+00, 1.492292e+00, 1.298529e+00, 9.879913e-02,-1.620364e+00, 1.081861e+00
 3.295078e-01,-2.403096e+00, 1.159425e+00,-1.128123e-02,-1.621937e+00,-4.147906e-01,-1.883187e-01,-1.590570e+00,-1.734749e+00,-1.127113e+00, 6.535406e-02, 2.349042e-01,-1.393444e+00,-1.769657e-02, 1.296146e+00, 7.825870e-01,-1.551937e-01,-3.610085e-01,-9.079316e-02, 3.903392e-01
-8.204684e-01, 5.727396e-01,-1.114222e+00, 6.196773e-01,-1.450964e+00,-5.667893e-03, 9.512831e-01, 3.094231e-01,-8.374046e-01,-2.020117e+00,-1.726353e+00, 7.012578e-01,-1.001931e+00, 9.930628e-01, 1.287630e+00, 5.315349e-01, 3.180356e-01,-8.877897e-01,-1.154400e+00,-4.593059e-01
 4.874291e-01, 3.747244e-01,-2.528501e+00,-1.281239e+00, 3.509097e-01, 6.334489e-01,-1.540148e-01,-2.485982e+00,-7.157526e-01, 2.226270e-01,-9.355866e-01, 1.326598e+00, 1.348392e+00, 4.356502e-02,-3.387036e-01, 5.672327e-01,-7.096823e-02, 1.799112e+00,-7.332166e-01,-2.075936e-01
 7.383247e-01,-4.252677e-01,-9.359026e-01,-1.242613e-01,-1.745469e-01,-5.091808e-01, 1.854245e+00,-2.784391e-01, 3.748210e-01,-1.279031e-01, 1.298654e+00,-1.573131e+00,-1.775836e+00,-2.023531e+00, 6.042965e-01, 1.567821e-01, 1.834673e-01, 2.051916e-01, 8.662388e-01,-1.707831e-01
 5.757814e-01, 9.510128e-01,-9.672395e-01, 1.757417e-01,-5.914285e-01,-8.570086e-01,-1.904167e+00,-5.524338e-01, 2.383328e+00,-2.024045e+00,-5.899837e-01, 2.182830e-01, 3.703747e-01, 1.894846e+00, 9.207674e-01,-4.027402e-01, 7.790893e-01, 1.510391e+00,-1.635447e+00,-1.473638e+00
-3.053884e-01,-3.892372e-01, 4.748859e-02, 1.692774e+00,-1.334027e+00, 1.616168e+00, 3.592997e-01, 8.760421e-01,-4.639130e-01,-2.796789e-01, 5.552930e-01,-2.533354e-01, 4.196059e-02, 1.180319e+00, 1.644764e+00, 7.548581e-02,-1.256696e+00,-1.735146e-01, 6.275684e-01, 1.076215e-01
 1.511781e+00,-2.843307e-01,-4.037368e-01, 6.421327e-01,-1.097299e+00, 9.938664e-01, 2.114535e+00, 2.934837e-01,-4.265004e-01, 4.206307e-01,-1.949435e-01, 1.052904e+00,-1.327505e-01, 2.414163e+00,-8.862516e-01,-1.202630e+00, 1.993286e+00,-8.554571e-01,-6.351334e-01, 1.374845e-01
 3.898432e-01, 8.574098e-01, 2.314961e-01, 1.282233e+00, 2.036104e+00, 6.968459e-01,-1.135749e+00,-5.972220e-01,-1.703095e+00, 6.428849e-01,-6.881254e-01, 2.223044e+00,-1.394203e-02,-2.406632e-01, 2.172500e+00,-3.723846e-01,-3.507766e-01,-4.523872e-01, 8.171012e-02,-6.737872e-01
-6.212406e-01, 1.719627e+00,-4.223724e-01, 1.405470e-01,-3.264896e-01, 1.699971e+00,-7.962560e-01,-1.572036e-01,-1.041497e+00, 2.943814e-01, 8.269864e-02,-7.854263e-03,-3.660393e-01, 2.071289e+00, 7.148543e-01, 6.523912e-01, 4.010385e-01, 7.641212e-02, 1.387820e+00,-1.142310e+00
-2.214700e+00, 2.700549e-01, 3.741184e-01,-1.112503e+00, 7.740052e-01,-9.777419e-01,-3.975695e-01, 1.841851e-01, 7.687350e-01, 7.191417e-01, 1.681468e-01, 4.285017e-01,-1.051739e-01, 2.327141e-01, 1.037413e+00, 6.170102e-01, 2.134619e+00, 2.206494e+00, 1.268780e-01, 1.175461e+00
 1.124931e+00,-4.221840e-01,-3.660058e-01,-3.396770e-01, 7.850064e-01, 2.048818e+00, 9.172404e-02,-1.013032e+00,-7.453204e-01, 1.925047e-01, 8.055467e-01, 1.056338e+00, 1.660244e+00,-3.734683e-01,-1.075572e+00,-4.471395e-01,-7.226607e-02,-2.846332e-01,-7.795376e-01,-4.741456e-01
-4.493361e-02,-1.189113e+00, 1.190101e+00,-1.664765e+00, 7.632461e-01, 1.226449e+00,-2.386941e-01,-6.798434e-01,-4.864715e-01, 3.674396e-01,-2.122009e-01, 1.521701e+00, 1.555078e+00,-8.333456e-01,-4.742553e-01, 1.584810e-01,-6.023777e-01, 1.187522e+00, 9.045200e-01, 1.644309e+00
-1.619026e-02,-3.310330e-01,-7.373275e-01, 9.288518e-01, 2.948088e-01, 3.070230e-01,-4.619624e-01,-1.242694e+00,-3.530394e-01,-1.133989e-01,-8.524294e-01, 1.199588e+00, 4.432049e-01,-1.463408e+00,-6.981258e-02,-5.139989e-01, 2.052875e+00,-4.077477e-01,-6.496136e-01,-3.284536e-01
 9.438362e-01,-9.398293e-01, 2.906666e-01, 1.416827e+00,-1.252356e+00, 6.243330e-01, 1.926341e+00,-1.535019e+00,-6.230052e-02,-1.036594e+00,-1.296675e+00,-2.058904e+00,-4.386667e-01, 1.035719e+00,-7.625232e-01,-1.122763e+00,-9.918051e-01, 9.975666e-01, 1.397326e+00, 1.529221e-01
 8.212212e-01,-2.589326e-01,-8.848496e-01,-6.272078e-02,-1.009504e+00, 6.134144e-02, 1.220548e-01,-5.245400e-01, 1.619615e+00, 2.525912e-01,-2.544661e+00,-1.156627e+00, 1.209868e+00, 1.292875e+00,-5.726097e-01,-4.471390e-01, 1.353126e-01,-9.692677e-01, 1.162771e+00, 7.550274e-01
 5.939013e-01, 3.943792e-01, 2.080065e-01,-9.809023e-01, 7.513912e-01,-1.108258e-01, 1.092051e+00,-1.852739e-02, 1.246211e+00, 9.225454e-01, 5.362580e-01,-3.040853e-01,-1.422926e+00, 1.143985e+00,-1.127692e+00,-2.111854e+00,-4.576032e-01, 7.586251e-01, 4.345543e-01, 9.292767e-01
 9.189774e-01,-8.518571e-01,-4.773017e-02, 1.087150e+00,-1.308354e+00,-1.576234e+00,-2.972257e+00,-1.568147e+00, 2.008590e+00, 2.274936e+00, 2.346567e-02, 1.899127e+00,-5.889766e-02, 7.052086e-01, 1.227265e-01,-7.280986e-01,-4.842117e-02, 8.275072e-02, 2.913827e-01, 1.190749e+00
 7.821363e-01, 2.649167e+00,-1.684521e+00, 1.393270e-01, 5.275401e-01, 7.425898e-01, 1.128489e+00, 4.678517e-01,-1.854420e+00,-4.414387e-01, 1.046931e+00, 1.418399e-01, 2.037363e-01, 2.878449e-01, 1.228790e+00,-2.467004e-01,-1.922940e-01,-9.689485e-01,-2.767994e-01, 2.392004e-01
 7.456498e-02, 1.560117e-01,-1.442266e-01,-3.862721e-01,-5.335396e-01, 2.142323e+00, 1.312000e+00,-6.678289e-01,-4.627144e-01, 1.175203e-02,-5.064049e-01, 9.232327e-02, 7.430106e-01, 2.576331e-01,-5.875730e-01,-6.136157e-01,-1.020854e+00, 1.006517e+00,-1.810654e+00, 6.605092e-01
-1.989352e+00, 1.130207e+00, 1.180214e+00, 1.123585e+00,-3.983760e-01, 2.089773e+00,-4.826080e-01, 3.110824e-01, 1.043104e+00,-2.126993e+00, 6.479620e-01, 9.880413e-02,-3.776989e-01, 1.994986e+00,-1.839168e+00, 1.039478e-01,-1.440827e+00,-2.174030e-01, 1.294196e+00, 1.439950e+00
 6.198257e-01,-2.289124e+00, 6.813999e-01,-7.598457e-01,-7.895695e-01, 1.697943e-01,-2.248590e-01, 1.425510e-01,-3.038375e-01,-7.921146e-01, 4.857188e-01, 5.929713e-01, 2.378680e+00,-4.456043e-01, 4.978261e-01,-8.005786e-01, 7.616687e-01,-8.659534e-01, 7.745043e-02, 3.547642e-01
-5.612874e-02, 7.410012e-01, 1.432476e-01, 1.148959e+00,-2.301411e-01,-1.078778e-01, 1.667765e+00,-3.740347e-01, 3.180807e-01, 1.288818e+00,-1.207002e+00, 1.274842e+00,-8.879320e-01,-6.763940e-01, 5.064816e-01, 1.323704e+00, 6.974827e-01,-1.471142e+00,-7.705806e-01, 1.518655e+00
-1.557955e-01,-1.316245e+00,-1.192316e+00,-8.424763e-01, 8.771848e-01, 1.819945e-01, 4.121853e-02,-1.944926e+00,-6.487490e-01,-2.543365e-01,-2.970201e-03, 1.006990e+00,-1.036076e+00, 4.116056e-01, 5.236044e-01, 3.116408e-02,-1.050365e+00, 2.152230e+00,-4.915382e-01, 3.008088e-01
-1.470752e+00, 9.198037e-01, 1.169229e+00, 3.914133e-01, 4.537332e-01, 1.145928e+00, 1.038175e+00,-1.597681e+00,-1.868904e+00, 5.688857e-01, 1.586860e+00,-2.361830e+00, 2.367786e+00,-5.868514e-01, 6.249499e-01,-8.236137e-01,-1.483727e+00, 1.592347e+00,-9.867409e-01,-9.301086e-01
-4.781501e-01, 3.981302e-01, 7.920171e-02, 8.913772e-01,-2.324641e-01, 1.477299e+00, 5.876429e-01,-2.540658e+00,-1.206997e+00, 6.674503e-01,-9.932243e-01,-2.104060e+00, 5.611540e-01,-1.274368e+00,-2.980855e+00,-8.667517e-01,-2.697663e-02,-2.101526e-02, 2.890190e-02, 5.585144e-01
 4.179416e-01,-4.075286e-01,-4.517738e-01,-1.335259e+00, 8.700055e-01, 4.079442e-01,-1.582996e-01, 1.362047e+00, 1.897258e+00,-9.496243e-01, 6.002256e-02,-8.443947e-02,-4.459401e-01,-8.968956e-01, 1.886927e+00,-1.252582e+00, 9.425149e-01, 1.734495e+00,-8.035476e-01,-1.498113e+00
 1.358680e+00, 1.324259e+00, 1.642028e+00, 3.981235e-01, 1.656004e+00, 1.114279e+00,-2.920854e-01,-3.606660e-01,-2.615856e-01, 1.550867e-02, 6.574145e-01, 7.563294e-01,-9.344165e-01, 5.026601e-01, 4.598803e-01,-1.050198e+00,-6.289895e-01, 3.334369e-01,-2.762577e+00, 5.112314e-01
-1.027877e-01,-7.012317e-01,-7.695923e-01,-1.115868e-01,-6.368929e-03,-2.707584e-02,-1.419899e+00, 1.936397e+00, 1.787982e+00, 2.325324e-01,-2.331080e-01,-1.580716e+00, 4.795016e-01, 1.900030e+00, 3.914276e-01, 8.265248e-01,-6.308011e-01,-1.040479e+00,-1.690218e-01,-1.209131e+00
 3.876716e-01,-5.806143e-01, 3.033610e-01, 6.757439e-01, 4.704895e-01, 4.977222e-01,-2.138318e+00,-1.455884e+00, 8.673005e-01,-3.116892e-01, 7.456787e-01, 7.072460e-01, 2.369805e-01, 1.558834e+00,-1.187254e+00,-8.436703e-01,-1.023813e+00, 4.835691e-01,-1.810402e+00,-3.263304e-01
-5.380504e-02,-1.001072e+00, 1.281737e+00,-7.885979e-01, 2.782186e-01, 1.185640e+00,-2.250010e-02, 1.481906e+00, 7.025809e-01, 2.057491e-01, 5.410779e-01,-1.045988e+00,-1.339402e+00,-1.105544e+00, 4.443236e-01,-2.166681e+00, 7.890621e-01,-3.323834e-01,-2.255834e-01, 6.776478e-01
-1.377060e+00,-6.681786e-01, 6.022228e-01,-8.698633e-02,-9.779029e-01, 3.639574e+00, 2.697710e-01, 1.076120e+00, 1.623532e+00,-6.539869e-01,-8.351591e-01, 2.591413e-01,-1.074290e-01, 1.771987e-01,-7.539440e-01, 7.740150e-01, 1.200516e+00, 9.191037e-01,-9.016478e-01,-7.475627e-01
-4.149946e-01, 9.451850e-01,-3.070223e-01, 1.382284e+00,-9.265861e-01,-5.400260e-02,-5.029694e-01,-7.574884e-01,-1.590159e+00,-1.153258e+00, 1.348119e-01,-1.684818e-03, 5.777231e-01, 2.031913e+00, 2.110114e-01, 5.986813e-01, 1.252573e+00,-3.573067e-01, 6.096216e-01,-1.454377e+00
-3.942900e-01, 4.337021e-01,-4.184181e-01, 1.684902e-01, 1.919770e+00,-6.681473e-01, 6.308074e-01, 7.140855e-01,-6.099912e-01, 5.274909e-01,-2.844211e-01,-1.175553e+00, 4.540569e-01, 1.409061e+00,-1.367521e-01, 1.197225e+00,-6.940278e-01, 1.179047e+00, 5.911774e-03,-1.008311e-01
-5.931340e-02, 1.005159e+00, 3.551355e-01, 8.231909e-01, 8.812778e-01, 4.458080e-01, 4.745652e-01, 5.813846e-01,-3.132811e-01, 1.393919e+00, 4.666849e-01, 1.744629e+00,-1.190323e+00, 9.497931e-01, 1.324399e-02,-3.681739e-01,-5.361486e-01, 8.999290e-01, 1.426577e+00,-5.958004e-01
 1.100025e+00,-3.901187e-01, 5.134811e-01,-2.208946e-01, 7.420818e-01,-4.058252e-01,-3.406591e-01,-1.467239e-01,-9.221298e-01, 1.816306e-01,-1.106423e+00, 7.182745e-01, 1.973210e+00, 2.097093e-01, 6.801056e-01, 7.023198e-01, 8.897657e-02,-2.510610e-01,-1.157745e-01, 1.141466e+00
 7.631757e-01, 3.763703e-01, 1.860740e-02,-1.029392e+00, 1.475734e-01, 6.352831e-01, 4.960156e-02, 1.506982e+00,-2.564806e-01,-6.930152e-02,-1.078219e-01, 2.862143e+00,-1.076037e+00, 1.223157e+00,-5.572537e-02, 7.534706e-02, 1.029494e+00, 6.597009e-01,-1.756917e+00,-1.097895e+00
-1.645236e-01, 2.441649e-01, 1.318449e+00,-1.092569e-02, 4.853886e-01, 3.412484e-01, 1.295263e+00,-2.795326e-01,-2.082855e+00,-2.944654e-01, 5.023774e-02, 7.179861e-01, 1.939512e-01, 1.087053e+00,-4.990980e-01,-2.262651e+00, 5.211586e-01,-1.848311e+00,-1.200444e-03,-1.402529e+00
-2.533617e-01,-1.426257e+00,-6.583200e-02,-1.224991e+00, 1.518560e-01, 1.316167e+00, 3.146242e-01, 2.027739e+00,-1.417154e+00, 1.414030e+00, 3.108791e-01,-3.292719e-01, 1.086040e+00,-1.934912e-01,-8.269272e-01, 1.054705e+00,-5.184993e-01,-6.323554e-01, 1.039952e+00,-7.594044e-01
 6.969634e-01, 1.778429e+00,-7.002961e-01,-2.596111e+00, 4.199875e-02,-9.597765e-01, 8.015725e-01,-1.195740e+00, 6.107810e-01, 1.099998e+00, 1.788875e-01,-1.304795e-01, 7.872593e-02,-7.955001e-01,-2.898320e-01,-8.973253e-01, 6.448177e-01, 5.243265e-01,-1.583745e-01, 1.433980e+00
 5.566632e-01, 1.344477e-01, 5.373261e-01, 1.169123e+00, 2.234223e-01,-1.205575e+00, 4.860589e-01, 1.312318e+00, 2.415208e-01, 1.404411e+00,-1.059781e+00,-5.473281e-01, 1.470183e+00,-2.897574e-01,-4.925393e-01, 2.398855e+00, 3.248292e-01,-8.366245e-01, 5.381176e-01, 8.636452e-01
-6.887557e-01, 7.655990e-01,-2.201782e+00,-1.086909e+00,-1.010465e+00, 1.567573e+00, 1.725561e+00,-5.240075e-01, 1.303965e+00, 6.231323e-01,-9.736345e-01,-1.281760e+00, 2.714331e+00,-1.436050e+00, 9.751101e-01, 1.263200e+00, 5.233677e-01,-2.412820e+00,-4.902090e-02,-7.394305e-01
-7.074952e-01, 9.551367e-01, 3.919737e-01,-1.826083e+00, 2.401222e+00, 2.252858e-01, 1.024329e-01, 3.542495e-01,-3.345286e-01, 2.739429e-01,-5.613365e-01,-2.170512e+00, 1.116350e+00, 8.773562e-01, 9.795942e-02, 1.290585e+00,-1.495402e+00,-3.177135e-01, 3.152152e-01,-1.542530e+00
 3.645820e-01,-5.056570e-02, 4.969610e-01, 9.952818e-01, 8.019618e-01,-9.224107e-01,-9.898371e-01,-7.167449e-02,-3.845399e-01, 4.996458e-01,-1.282899e+00, 5.632156e-04, 9.887581e-01,-1.052148e-01,-4.971604e-01, 1.988486e+00,-5.965743e-02,-2.896119e-01, 4.754045e-01, 3.851541e-01
 7.685329e-01,-3.058154e-01,-2.248747e-01,-1.186178e-02,-2.512080e-01,-1.073772e+00,-4.604412e-01,-1.331443e-01,-4.211682e-01, 2.633415e-01, 1.986638e+00, 1.544002e+00,-1.025927e+00,-2.334684e+00, 4.232452e-01, 2.092069e-01, 1.755298e-01,-6.039457e-01,-3.033549e-01,-1.454478e+00
-1.123462e-01, 8.936737e-01,-1.117143e+00,-5.996284e-01, 1.212889e+00,-5.523583e-01, 2.376615e-01,-8.807738e-02,-9.583552e-01,-1.200118e+00, 7.118473e-02, 3.885941e-01, 1.694426e+00,-1.097065e+00,-5.192331e-01,-4.446966e-01,-9.511884e-01,-1.701260e+00,-8.615069e-01,-1.488628e-01
 8.811077e-01,-1.047298e+00,-3.949946e-01,-1.779480e-01,-6.272581e-01, 5.904614e-01,-2.693973e-01, 9.177889e-01, 2.491163e-01, 2.151782e+00,-4.020940e-01,-3.148279e-01,-4.385793e-02, 3.861934e-01, 1.919111e+00,-1.658478e+00, 4.641132e-01, 4.327720e-01,-1.573949e+00,-6.786428e-01
 3.981059e-01, 1.971337e+00, 1.549830e+00,-4.259813e-01, 1.711159e+00,-5.272754e-01,-1.695541e-01, 3.143926e-02,-1.178879e+00,-1.145470e+00,-1.957658e-01, 7.908333e-01, 4.089243e-01, 1.020919e+00,-1.244738e+00, 5.823302e-01, 9.108920e-01, 1.073623e+00,-6.659401e-01,-3.976647e-01
-6.120264e-01,-3.836321e-01,-7.435145e-01, 9.966588e-01,-3.943736e-01, 1.341846e+00, 6.648690e-01, 1.358931e+00, 4.955933e-01, 9.523057e-01,-3.932218e-01, 1.885856e-01, 1.152095e-01, 3.751682e-01,-1.604400e-01,-7.112076e-01,-8.061974e-01, 4.385148e-01, 5.618211e-01, 3.985881e-01
 3.411197e-01, 1.654145e+00,-2.331712e+00, 7.276607e-01,-2.321491e+00, 2.438446e-01,-7.755509e-01, 1.134948e-01,-1.777043e-01,-1.235924e+00,-9.013561e-02, 5.843419e-01,-1.764032e-01,-1.140895e+00, 1.021581e+00, 1.368999e+00, 2.136714e-01, 6.406439e-01, 1.881871e+00, 6.035709e-01
-1.129363e+00, 1.512213e+00, 8.122454e-01,-1.726631e+00, 1.364119e+00, 1.958808e-01,-1.919261e+00, 1.743065e-01, 7.747339e-01,-8.938464e-01,-1.933119e-01, 5.149924e-01, 2.081716e+00,-7.516985e-01,-6.328309e-01, 6.120094e-02,-1.120353e+00, 1.184234e+00, 1.333461e-01, 2.879003e-01
 1.433024e+00, 8.296573e-02,-5.013107e-01, 3.533985e-01, 1.132229e+00,-1.551973e-02, 2.019333e+00,-5.348040e-02, 1.247946e+00,-7.089110e-01,-6.322962e-01,-1.702343e-01, 2.049066e+00, 3.064524e+00,-2.034348e-01,-2.528349e-01, 3.307878e-01, 1.931315e-01,-1.525029e+00,-1.622331e+00
 1.980400e+00, 5.672209e-01,-5.108866e-01, 7.268137e-01,-7.743163e-01,-2.975773e-01, 4.352105e-01,-4.247580e-01,-4.162168e-01,-1.197657e+00,-3.716840e-01, 1.041202e+00,-8.446888e-01, 1.436805e+00, 4.112782e-01, 1.008643e+00,-7.779711e-02, 8.647379e-01, 6.180825e-01, 6.433807e-01
-3.672215e-01,-1.024548e+00,-1.215364e+00, 6.682610e-01,-1.410375e+00,-1.676791e-01, 1.050169e+00, 2.079116e-01,-4.297179e-01,-7.009034e-02,-7.325919e-01, 3.211524e-01,-4.225847e-01, 3.225554e-01,-1.014580e+00,-6.552288e-01, 9.230347e-01,-2.605259e-02,-1.157305e+00,-3.776442e-01
-1.044135e+00, 3.230065e-01,-2.255863e-02,-2.424317e+00,-1.834528e+00, 1.156479e+00,-3.121148e-01, 9.929229e-01,-4.652522e-02,-8.492294e-01,-8.132879e-01,-1.557593e+00,-4.294621e-05,-1.074849e-01, 9.982877e-01, 2.634131e+00,-7.494529e-01,-1.428412e+00,-1.541264e-01, 1.110280e+00
 5.697196e-01, 1.043612e+00, 7.012393e-01,-2.353574e-01,-2.690135e-01,-1.338764e+00, 9.361762e-02, 8.138579e-01,-6.585915e-01, 1.568634e-01, 5.877522e-01, 6.264078e-01,-1.224389e+00,-5.153284e-02,-1.632290e+00,-3.053329e-01, 8.541552e-01,-1.522730e-01, 4.024474e-01, 3.866027e-01
-1.350546e-01, 9.907849e-02,-5.874820e-01, 1.979633e+00,-1.833929e+00, 1.086769e+00,-2.153188e+00, 9.960056e-01, 1.602584e+00, 2.017415e+00,-5.321234e-01, 1.973650e+00, 6.161449e-01, 7.897741e-01,-2.341612e-01, 9.849320e-02,-4.118718e-01,-1.354280e-01, 5.223607e-01,-4.402319e-01
 2.401618e+00,-4.541369e-01,-6.067279e-01, 7.967945e-01,-8.144680e-01,-3.506842e-01, 3.579931e-01, 1.732744e+00,-6.367205e-02, 7.375926e-01, 1.470141e+00, 3.034833e-01, 5.927891e-01,-2.179055e-01,-1.655110e+00,-6.892088e-01,-3.084144e-02, 2.211908e+00, 1.995965e-01, 2.050353e+00
-3.924000e-02,-6.557819e-01, 1.096640e+00,-1.709276e+00, 1.635721e-01, 7.347232e-01, 4.678648e-01, 3.570420e-01, 8.688276e-01,-1.691589e+00, 1.260461e-01, 1.989563e+00, 1.355605e+00,-5.445024e-01,-8.334708e-01, 3.142807e-01, 3.529094e-01,-6.613875e-01,-3.248207e-01, 4.514740e-01
 6.897394e-01,-3.592242e-02,-2.475097e-01,-1.663669e+00, 8.555192e-01,-5.841448e-02,-9.066888e-01, 1.557263e-01, 3.783755e-01, 4.777166e-01, 8.776153e-01, 4.803260e-01,-8.379584e-01,-2.745803e-01, 2.308883e+00, 9.201745e-01, 1.332815e+00, 6.293562e-01,-7.801445e-01,-1.042376e+00
 2.800216e-02, 1.069161e+00,-1.599017e-01, 4.911096e-01,-8.199631e-01,-1.345813e+00,-5.293499e-01, 1.552789e+00, 1.415688e+00, 7.468251e-02,-4.774645e-01, 5.451582e-01, 1.004534e+00, 2.762390e-02,-2.635556e-01,-1.512147e+00,-3.973008e-01,-2.722503e-01, 9.817271e-01,-5.641325e-02
-7.432732e-01,-4.839749e-01,-6.257783e-01,-1.740555e-01,-1.236028e-01, 3.469053e-01, 1.343577e+00,-6.406962e-02,-2.090268e-01, 1.942431e+00,-2.242931e+00,-2.326417e-01, 9.171821e-01, 9.696772e-01, 1.997109e+00,-1.470235e-02, 7.132446e-01,-7.172082e-01,-6.255246e-01,-1.004255e+00
 1.887923e-01,-1.210101e-01, 9.004346e-01, 9.612906e-01, 2.549482e-01,-6.384046e-01, 4.694341e-01,-1.008219e+00,-2.678045e+00, 5.051474e-01, 1.561877e-02,-2.056125e+00,-1.466229e-01,-2.199406e+00,-2.428420e-01, 6.056517e-01,-1.504901e+00,-1.953262e-01,-1.425553e+00,-1.365632e+00
-1.804959e+00,-1.294140e+00,-9.941936e-01, 2.938267e-01, 1.718926e+00, 1.124392e+00,-2.531051e-01,-8.928955e-01, 6.091805e-01,-2.584616e-01, 1.132168e+00,-1.147361e+00,-1.261328e+00, 1.948094e+00,-5.547395e-01,-1.016881e+00,-9.869638e-01, 1.313264e+00, 1.234477e-01, 2.288994e-01
 1.465555e+00, 4.943128e-01, 8.492504e-01, 8.099936e-02,-9.585435e-01,-8.277330e-01, 3.691037e-01,-6.545146e-01,-1.033640e+00,-1.262472e+00,-7.540516e-02,-1.800517e-01,-2.535647e-01, 1.798532e-01,-5.294766e-01, 1.115640e+00,-2.177836e-02, 1.268243e-02,-5.763531e-01, 2.461497e-01
 1.532533e-01, 1.307902e+00, 8.057023e-01, 1.836618e-01,-1.604310e+00,-1.787780e+00,-1.346707e+00,-1.433783e+00, 4.973915e-01, 4.678964e-02,-4.437149e-01,-1.100315e+00, 1.666951e+00, 4.150568e-01, 7.047356e-01,-2.601638e-01, 4.083129e-01,-1.124212e+00, 9.904507e-02, 8.036653e-01
 2.172612e+00, 1.497041e+00,-4.676009e-01, 1.662550e-01,-1.845609e+00,-8.540100e-01, 1.171935e+00, 1.418184e+00,-9.738923e-01, 1.189971e+00, 2.600784e-01,-1.568914e+00, 7.223135e-01, 6.468405e-01,-9.388858e-01, 1.036476e+00, 4.260585e-01, 8.566280e-01, 1.125545e+00, 1.508020e+00
 4.755095e-01, 8.147027e-01, 8.484203e-01,-1.269599e+00, 5.557372e-01,-5.720227e-01,-1.908736e+00,-5.938857e-01,-9.447191e-02,-8.940312e-01, 1.334178e-02,-4.834321e-02, 5.939056e-01,-6.540000e-01, 8.752661e-01, 4.910793e-01,-1.101166e+00, 3.141821e-01, 8.246318e-02, 4.278722e-01
-7.099464e-01,-1.869789e+00, 9.867699e-01, 2.349493e+00,-6.011919e-02,-8.259307e-01,-1.004391e+00, 1.118972e+00,-5.539767e-01,-7.652913e-01,-9.638845e-01,-5.978901e-01,-2.885018e+00,-1.119949e+00,-7.443670e-01,-1.325872e+00,-3.323497e-01, 3.366719e-01, 1.437064e-01, 6.997681e-03
 6.107264e-01, 4.820295e-01, 5.756203e-01,-1.412005e+00, 7.720863e-01,-2.375841e-01, 6.766875e-01, 2.384082e+00,-2.457596e-01, 9.845250e-01, 1.657308e+00, 2.417339e+00, 1.611145e-02,-1.004745e+00, 1.729073e+00, 1.109557e+00, 2.302076e-01, 2.620259e-01,-6.471479e-01, 8.686318e-02
-9.340976e-01, 4.561356e-01, 2.024842e+00,-1.696149e-02,-1.408394e-01,-5.953265e-01, 1.152322e+00,-4.032865e-01,-6.547856e-01, 9.167718e-01,-2.250659e-01, 1.095806e-01, 6.147089e-01, 5.667685e-01,-8.149923e-01,-3.591091e-01,-1.171153e+00, 3.194639e-01, 8.288411e-01, 8.654067e-01
-1.253633e+00,-3.534003e-01,-1.962353e+00,-5.443194e-01, 3.930939e-01,-4.107422e-01,-1.732760e+00, 3.701086e-01,-9.838052e-01,-2.895447e-01,-1.518575e+00, 4.499520e-01,-1.135184e+00, 6.341281e-01,-1.690233e+00, 1.723397e+00, 5.913695e-01,-3.020929e-01,-3.457474e-02,-9.694297e-01
 2.914462e-01, 1.704895e-01,-1.164921e+00, 1.800112e+00, 2.242186e-01, 3.279914e-01, 6.013089e-01,-5.752930e-01, 1.964075e-01,-4.875107e-01,-1.335584e+00, 4.907739e-01,-4.760512e-01,-1.210036e+00, 1.490944e+00,-8.042673e-01, 1.472760e-01, 5.173408e-01, 1.589332e+00,-8.964362e-01
-4.432919e-01,-8.640360e-01,-1.376519e+00, 1.011440e+00, 2.354199e-02,-1.163647e+00, 3.416503e-01, 2.919229e+00,-1.216526e+00,-2.718326e-01, 5.295288e-01, 5.021954e-02, 3.157047e-01,-9.292242e-02, 7.036331e-01, 1.427306e+00, 3.479512e-01,-1.164087e+00,-2.959616e-01,-1.017821e+00
 1.105352e-03, 6.792308e-01, 1.676799e-01,-5.637166e-01,-6.229627e-01, 7.601777e-01,-3.528101e-02,-1.078915e+00,-2.850429e-01, 1.106218e+00, 1.393261e+00, 6.546893e-01, 1.638914e-01,-1.478409e+00,-9.626936e-01,-1.086789e+00, 4.858136e-01, 1.274680e+00, 1.324509e+00, 9.206903e-01
 7.434132e-02,-3.271010e-01, 1.584629e+00, 2.054208e-01, 1.262009e+00,-2.555836e-03,-6.261650e-01, 1.178491e+00,-3.003461e-01, 5.862325e-02, 1.126628e+00, 5.317827e-01, 9.576584e-01, 3.878807e-01,-1.197537e+00, 5.721212e-01,-8.477311e-01,-4.529482e-01,-1.202932e+00, 6.858444e-01
-5.895209e-01,-1.569082e+00, 1.677889e+00, 1.165462e+00,-4.057740e-01,-3.822777e-02,-8.559712e-01, 8.696028e-01,-6.386205e-01, 2.586562e-01,-1.135934e-02, 7.707186e-01,-1.310963e-01,-5.106255e-01,-8.774228e-04, 1.424793e+00, 6.269733e-01, 1.177537e-01,-8.479560e-01,-1.626316e+00
-5.686687e-01,-3.674508e-01, 4.882967e-01, 2.236323e+00, 6.667638e-01,-2.036237e+00, 1.517778e-01, 9.311663e-01, 1.742848e+00, 1.631406e+00, 9.403368e-01, 9.931257e-01,-4.676214e-02,-8.028044e-01, 7.010082e-01,-4.060714e-01, 4.793384e-01, 1.359931e+00, 3.267276e-01, 7.217008e-01
-1.351786e-01, 1.364435e+00, 8.786733e-01, 3.022651e-01, 1.646392e-01,-3.012291e-01, 1.206373e+00, 1.024681e+00,-1.869401e+00, 8.693686e-01, 7.878552e-01, 1.043510e+00, 1.082564e+00, 2.763007e-01,-2.473412e-01, 4.914719e-02, 1.455244e+00,-1.058319e+00,-1.459537e+00,-1.159803e+00
 1.178087e+00,-3.342814e-01,-1.448749e-01,-1.042507e+00, 1.781524e+00,-5.556461e-01,-1.488578e+00, 6.129751e-01, 3.118449e-02, 1.217044e+00, 8.694194e-02, 5.782378e-02, 5.609426e-02, 1.136859e+00,-6.276710e-03,-1.031265e+00,-2.740653e+00, 3.781174e-02, 1.223193e+00, 1.660367e-01
-1.523567e+00, 7.327500e-01, 4.689718e-01,-9.835423e-01, 7.112140e-01, 8.472954e-01,-1.050374e+00, 6.081901e-01,-1.209114e+00, 1.720397e+00, 3.280097e-02,-1.263246e+00,-1.281609e+00,-1.690828e+00, 1.446637e-01, 1.030580e+00, 7.658928e-01, 5.823049e-01,-1.708451e-01, 1.053554e+00
 5.939462e-01, 9.465856e-01, 3.762355e-01, 2.005719e+00,-3.376912e-01, 1.390821e+00, 1.637874e+00,-8.928917e-01,-1.341051e+00,-3.127774e-01, 1.552857e+00,-2.653626e+00,-8.947815e-01,-5.034676e-01, 5.324461e-01, 7.965518e-01,-2.358954e+00, 5.958087e-01,-3.270141e-01,-7.845939e-01
 3.329504e-01, 4.398704e-03,-7.610403e-01,-2.070571e+00,-9.148952e-03, 1.231246e+00,-1.207334e+00, 4.520356e-01,-4.570723e-02,-1.021847e-01,-2.404878e+00,-4.494351e-01, 7.734247e-01, 1.921735e+00,-1.176036e+00,-6.672153e-01,-1.271962e+00,-3.526377e-01, 4.592071e-01, 5.636922e-01
 1.063100e+00,-3.523223e-01,-2.932949e-01, 3.055742e+00,-1.253092e-01,-1.113337e+00,-2.626155e+00,-3.747123e-01, 2.187991e+00, 1.672045e-01, 1.673293e-01,-1.517405e+00, 7.673742e-01, 5.660447e-01, 2.483654e+00, 2.334977e-01,-4.283744e-01,-1.024133e+00,-4.254364e-01,-3.177808e-01
-3.041839e-01,-5.296955e-01,-1.348413e-01,-2.613506e-01,-2.090846e+00,-7.960539e-01, 1.746327e-02, 2.840185e+00, 1.422096e+00, 4.566074e-01,-4.031267e-01,-3.180612e-01, 7.009740e-01, 2.618809e+00,-1.331669e+00, 1.862195e+00,-4.383881e-01, 6.145544e-01, 5.606123e-01, 1.214582e+00
 3.700188e-01, 7.395892e-01, 1.393846e+00,-4.543933e-01, 1.697394e+00,-8.951988e-02, 3.441940e-01, 7.323935e-01, 1.832470e-01,-5.015748e-01,-1.745844e+00,-2.426573e-01, 5.388855e-01,-1.399181e+00,-1.360768e+00,-5.615311e-02,-4.624956e-01,-9.282815e-01, 4.399224e-01, 6.506448e-01
 2.670988e-01,-1.063457e+00,-1.036989e+00, 1.575606e-01, 1.063881e+00,-1.059657e+00, 1.271984e-02, 8.405189e-01,-6.529328e-01, 2.269400e-01,-6.938431e-01, 2.927409e-01, 1.131330e+00, 1.540371e-01,-2.350925e-01,-9.772320e-01,-1.130612e+00,-6.514453e-03, 5.943786e-01, 5.847707e-01
-5.425200e-01, 2.462108e-01,-2.114335e+00, 9.333887e-01,-7.666166e-01,-1.604312e+00,-8.734501e-01,-2.219652e+00, 2.042559e+00,-7.086331e-01,-1.396662e-01, 1.671913e+00,-4.383762e-01,-9.134358e-01,-8.955498e-02, 9.494848e-01,-1.321664e+00, 2.248808e-01, 6.829437e-01,-1.752121e+00
 1.207868e+00,-2.894994e-01, 7.682782e-01, 3.028283e-01, 3.820076e-01, 7.913507e-01, 3.428003e-01,-1.327464e+00,-2.344912e-01, 3.534874e-01,-4.582380e-01, 1.697916e+00, 1.402318e+00, 1.191005e+00, 2.008287e-01, 1.932172e-01, 1.489653e-01, 1.994554e-01,-9.752108e-01,-4.486701e-01
 1.160403e+00,-2.264889e+00,-8.161606e-01,-1.956150e+00, 2.418959e-01, 6.815653e-02,-1.773878e-01,-9.766607e-01,-8.914248e-01,-9.471975e-01, 9.839968e-01, 9.186737e-01,-1.338505e+00, 1.337097e+00,-2.653653e-01,-1.017301e+00,-1.603962e+00, 1.782079e-01, 1.516157e+00,-1.849756e+00
 7.002136e-01,-1.408850e+00,-4.361069e-01, 3.535367e-01,-1.132759e+00, 6.143960e-01, 9.214333e-01,-5.870759e-01,-1.357470e+00,-2.323530e-01, 6.872255e-01, 2.323148e-01, 7.640254e-01, 4.604333e-01,-1.100138e-01, 1.427900e-02, 4.342575e-01, 2.851440e-01, 7.947428e-02,-2.124302e-01
 1.586833e+00, 9.160193e-01, 9.047050e-01, 4.504245e-01, 1.489907e+00,-1.203068e+00, 3.009444e-01,-5.680128e-01,-5.840280e-01, 1.391556e+00,-1.110604e+00, 4.222089e-01,-3.955068e-01, 1.677528e+00,-2.137828e-01,-1.520107e+00,-2.298640e-01, 2.389665e-01,-3.101483e-01,-2.346287e-01
 5.584864e-01,-1.912790e-01,-7.630863e-01, 6.595509e-01,-2.482471e-01,-3.404548e-01, 6.933868e-01, 6.436410e-01, 1.668095e+00,-3.442233e-01, 5.415868e-01,-4.786476e-02, 7.066740e-01, 9.669120e-01, 7.559483e-01,-6.733493e-01, 5.490995e-01, 6.249228e-01, 1.473183e-01,-3.652054e-01
-1.276592e+00, 8.032832e-01,-3.410670e-01,-1.031421e+00, 1.835837e-01,-1.171249e+00, 3.254719e-01,-2.373071e-01, 1.085743e+00,-6.974220e-01, 7.801780e-01,-1.593513e+00,-1.161385e-01,-1.442648e+00,-1.552264e-01,-7.493640e-01, 6.769568e-03,-1.408413e+00,-1.560961e+00,-3.429601e-01
-5.732654e-01, 1.887474e+00, 1.502425e+00,-2.371023e+00, 4.048710e-01,-8.294148e-01, 4.080510e-01,-2.985780e-01, 5.575283e-01, 5.854134e-01,-1.192189e+00, 1.949126e+00,-4.813979e-01,-2.641516e-01,-2.530067e-01,-3.428025e-02,-1.750869e+00, 5.739625e-01,-2.457207e-01,-3.199416e-01
-1.224613e+00, 1.473881e+00, 5.283077e-01,-3.245763e-01,-9.941245e-01, 2.292120e-01, 7.598423e-01, 1.189563e+00,-1.636833e+00,-2.995103e+00,-2.472671e-01, 1.186665e+00, 4.883990e-02, 1.023519e+00,-1.651304e+00,-2.972297e+00,-4.455059e-01, 1.335776e+00,-5.231559e-01,-1.277839e+00
-4.734006e-01, 6.772685e-01, 5.421914e-01,-9.442988e-01,-1.085429e+00,-8.149929e-01,-2.287154e+00,-2.108941e+00,-2.715380e-01, 1.019857e-01, 1.654072e+00, 1.174150e+00, 3.113030e-01,-2.301542e+00,-1.759527e+00, 6.946303e-01, 5.214038e-01,-4.614861e-01, 2.485710e+00,-7.204054e-01
-6.203667e-01, 3.799627e-01,-1.366734e-01,-7.658900e-01,-4.854255e-02,-9.934455e-01, 5.178383e-01,-7.328200e-02, 1.091799e+00, 2.067592e-01, 5.030399e-01,-5.058392e-01,-4.420188e-03, 3.222042e-01,-3.927860e-01, 7.302117e-01, 4.156918e-01,-1.923638e-01, 1.725333e+00,-5.767344e-01
 4.211587e-02,-1.927984e-01,-1.136734e+00,-9.537793e-01, 5.760856e-01,-1.306168e+00,-1.347236e+00, 8.634029e-01,-3.137533e-01, 2.344426e+00, 9.100534e-01, 5.782583e-01,-1.954953e-01,-4.379541e-01,-9.365147e-01,-1.133967e+00, 1.008129e+00,-2.083065e+00, 3.937510e-01, 3.047412e-01
-9.109216e-01, 1.577892e+00,-1.496627e+00,-3.980044e-01, 7.383053e-02,-1.434222e+00, 3.631599e-01, 1.074707e+00,-6.820239e-01,-5.608791e-01, 1.756220e+00, 4.921927e-01,-8.900467e-01,-4.232124e-01,-1.765240e+00,-5.648210e-02, 6.907006e-01,-1.908900e+00,-3.968703e-01, 1.437001e+00
 1.580288e-01, 5.962341e-01,-2.233856e-01,-3.112171e-01, 7.059456e-01,-8.628479e-01, 1.314753e+00,-2.058526e-01, 5.208069e-02,-8.022214e-01, 1.270371e-01,-1.567305e+00, 1.197786e+00,-1.108793e+00,-1.759311e+00,-2.583557e-01,-9.483051e-01, 1.410258e+00, 7.593298e-01,-6.092747e-01
-6.545846e-01,-1.173577e+00, 2.001719e+00, 7.960927e-01, 3.349801e-01, 1.703799e+00,-4.483059e-01,-4.336138e-01,-7.092965e-01, 2.285433e+00, 2.659670e-01,-1.680197e-01, 4.657501e-02, 3.690192e-01, 7.224822e-01,-1.248764e+00,-4.650661e-01, 5.275324e-01,-1.332660e-01,-2.049163e+00
 1.767287e+00,-1.556425e-01, 2.217038e-01, 9.864283e-01, 5.453878e-01,-6.556326e-01,-8.081645e-01,-1.822238e-01,-3.547083e-01, 3.672434e-01, 1.080038e+00, 3.776062e-01, 2.617179e-01, 2.721143e-01, 1.059030e-01,-1.031106e-01, 1.254857e+00, 6.442076e-01, 3.452477e-01,-3.451478e-01
 7.167075e-01,-1.918910e+00, 1.643729e-01,-7.945317e-01,-1.402906e+00,-1.113169e+00,-8.626850e-02,-4.310787e-01, 2.395033e+00,-5.865957e-03, 9.368851e-03, 4.030969e-01, 1.339695e+00, 5.899000e-01, 3.901370e-01, 1.669196e+00, 3.337576e-01, 9.012844e-01,-1.242435e+00,-9.908970e-01
 9.101742e-01,-1.952588e-01, 3.326236e-01,-3.088180e-01, 6.770539e-01,-1.405505e+00, 1.585424e+00,-4.246096e-01, 5.510099e-01, 5.120772e-01, 3.842202e-01,-6.274994e-01, 1.701501e+00, 3.719876e-01,-1.643963e+00,-1.278004e+00, 2.026879e-01,-2.422467e-01, 2.477952e+00, 5.067975e-01
 3.841854e-01,-2.592328e+00,-3.852080e-01, 3.614448e-01,-7.898004e-01,-1.506437e-01, 1.010574e-01,-1.353820e+00, 1.248786e+00,-4.473842e-01,-5.329728e-01, 1.882659e+00, 1.551295e+00, 4.459745e-01,-6.548146e-01, 7.457993e-01, 1.420240e+00, 1.402668e+00, 1.470271e+00,-7.798909e-02
 1.682176e+00, 1.314002e+00,-1.398754e+00, 1.398791e+00,-4.657289e-01,-3.940069e-01, 1.487622e-01,-1.965949e-01, 4.947015e-02,-1.211032e+00,-8.225477e-01, 1.855548e+00,-3.223062e-01, 5.268484e-01,-8.914275e-02, 4.900872e-01, 4.895440e-01, 1.095931e+00, 1.960851e-01, 5.058542e-01
-6.357365e-01,-6.355430e-01, 2.675741e+00,-5.607042e-02,-1.048521e-01, 2.520693e-01,-5.464347e-01, 2.341161e-01,-4.555488e-01, 7.709538e-01,-4.665496e-02, 6.963007e-01, 6.621421e-01,-6.480676e-01,-6.894115e-01,-1.996707e+00,-6.355509e-01,-5.651969e-01,-3.995998e-02, 1.361237e+00
-4.616447e-01,-4.299788e-01,-4.236861e-01,-1.698873e+00,-1.647851e+00,-2.827064e-01,-5.276756e-01,-5.572063e-01, 6.578894e-01, 8.900887e-02,-5.628096e-01,-6.422033e-01, 1.639733e+00, 1.021837e+00, 1.423984e-01,-1.408835e+00, 1.499067e+00, 3.104750e-01,-8.729773e-01,-2.416196e-01
 1.432282e+00,-1.693183e-01,-2.986015e-01, 2.318525e-01,-9.953695e-02, 8.676676e-01,-1.398716e-01,-1.113325e+00,-1.485467e+00,-9.891759e-02, 7.868910e-01,-9.375950e-01,-1.318246e+00, 1.094230e+00,-5.366891e-01, 9.178451e-01, 2.384656e+00, 4.939179e-01,-2.040285e-02,-2.119884e+00
-6.506964e-01, 6.122182e-01,-1.792342e+00,-1.190907e-01,-4.398576e-01, 7.200911e-01,-1.589411e+00,-1.630635e+00, 1.469185e+00,-1.315725e+00,-6.475667e-01,-1.299410e+00,-1.364941e+00, 7.730598e-02, 1.419589e+00,-7.494808e-01, 1.487942e-02,-1.411797e+00,-1.432295e-01,-6.615634e-01
-2.073807e-01, 6.783402e-01,-2.480082e-01, 1.772493e+00,-7.185115e-01, 1.056070e+00, 1.234104e+00,-3.878239e-01,-2.217612e-01,-7.956166e-01,-7.800325e-01,-6.545956e-01, 1.233577e-01,-2.746382e-01, 5.257376e-01,-1.238439e+00, 1.150491e+00, 1.087350e-01, 4.528836e-02, 3.180121e-01
-3.928079e-01, 5.679520e-01,-2.473039e-01, 3.434222e-01,-5.545976e-01, 2.435021e-01,-3.354548e-01, 1.722632e+00,-3.022303e+00, 4.823808e-01,-9.015252e-01,-1.838228e+00,-5.920304e-01, 7.527144e-02,-3.600024e-01, 1.614448e+00,-8.795280e-01, 4.072278e-01, 4.784363e-01,-9.837842e-02
-3.199929e-01,-5.725426e-01,-2.555104e-01,-6.230498e-01, 1.245489e+00, 1.114363e+00,-2.001003e+00,-5.585003e-01,-8.690955e-01,-9.516302e-01, 1.128544e+00, 4.975537e-01, 2.177804e+00, 9.705191e-01, 4.255549e-01,-3.893743e-01,-1.474593e+00,-8.396835e-01, 5.249431e-01,-3.711058e-02
-2.791133e-01,-1.363291e+00,-1.786938e+00,-4.395223e-01,-1.258921e+00,-7.655271e-02,-1.745840e-02,-6.366608e-01,-4.138916e-01, 4.995366e-01,-3.838268e-01,-1.463481e+00, 1.253125e+00,-5.213235e-01,-4.112898e-01, 2.634197e-01,-2.008990e-01, 4.461303e-01, 1.986352e+00,-9.471659e-01
 4.941883e-01,-3.887222e-01, 1.784663e+00,-5.052968e-01,-2.153845e-01, 9.329251e-01,-2.409669e-01, 2.781387e+00, 1.989218e+00, 1.242153e+00,-5.932806e-01,-1.198166e+00,-2.676658e+00, 8.333313e-01, 1.070925e+00,-2.025216e-01,-1.500719e+00,-3.654167e-01, 3.649655e-01,-5.451164e-01
-1.773305e-01, 2.779141e-01, 1.763586e+00, 1.860351e-01,-2.471962e+00,-1.579817e-01,-1.791989e+00,-1.957256e+00,-7.898977e-02, 9.472798e-01,-1.250259e-01, 6.811030e-01,-1.665982e+00, 7.052475e-01, 1.046822e+00, 1.057689e+00, 1.973328e+00, 5.391799e-01, 2.776269e-01, 5.817422e-01
-5.059575e-01,-8.230811e-01, 6.896002e-01, 1.764178e-01,-6.741693e-01,-6.815095e-01, 2.049692e+00, 1.425279e-01,-1.483829e+00,-1.328749e+00,-4.826923e-01, 4.076195e-01, 8.424774e-01,-2.054505e+00,-3.605743e-01, 2.618973e-01, 5.928278e-01,-8.085769e-01,-4.161376e-01, 2.372953e+00
 1.343039e+00,-6.884093e-02,-1.100741e+00, 9.158482e-01,-5.012972e-01,-1.220101e+00,-1.117218e+00, 6.644988e-01,-2.868711e-01, 1.269568e-01, 1.671045e+00, 1.138317e+00, 3.855063e-01,-6.842494e-01,-2.461206e-01, 1.076991e-01,-8.977959e-01,-4.844113e-01, 1.870581e-01, 9.848229e-01
-2.145794e-01,-1.167662e+00, 7.145094e-01, 3.201767e-01, 1.542326e+00,-7.089130e-01,-1.353550e+00,-4.786275e-01,-9.010238e-01, 9.915382e-03, 6.859973e-01, 5.017230e-01, 2.138472e+00,-1.263238e+00, 2.632844e+00, 8.309216e-01, 2.068086e+00,-1.011140e+00,-9.769439e-01, 2.123441e+00
-1.795565e-01,-8.309014e-03,-2.464703e-01,-3.666873e-01,-9.620181e-01,-7.486796e-01, 4.513023e-01, 1.183690e+00,-1.574017e+00, 9.049619e-01,-7.276536e-01,-6.704271e-02, 2.127991e-01, 1.156278e+00, 8.287321e-02, 8.612745e-01,-4.115018e-01, 1.191242e-01,-5.909967e-01,-5.771637e-01
-1.001907e-01, 1.288554e-01,-3.197862e-01,-9.406113e-01,-8.721795e-01, 5.760775e-01, 1.033227e+00, 8.054373e-01,-6.683149e-01, 3.832165e-01, 3.020910e-01, 4.400535e-01, 1.840523e+00,-1.048186e+00,-9.937466e-01, 3.303093e-01, 5.009318e-02,-1.695233e+00, 9.267384e-01,-9.252266e-01
 7.126663e-01,-1.458756e-01, 1.362644e+00, 6.347029e-01,-1.397630e+00,-5.209946e-02,-1.958857e-01, 5.331776e-02,-1.856165e+00,-1.308430e+00, 2.576562e-01,-1.521961e+00,-1.962199e+00,-4.255488e-01, 3.436092e-01, 1.089962e+00,-1.491969e-01, 1.718083e-01,-5.011244e-01,-1.152347e-01
-7.356440e-02,-1.639110e-01,-1.227883e+00,-6.248848e-02, 1.798052e-01,-6.303372e-01, 2.273104e-01,-1.167346e+00, 2.683923e+00,-3.383594e-01, 1.124976e+00, 1.096217e-01,-1.066102e+00,-2.348731e-01, 4.992259e-02, 5.987885e-01, 3.311504e-02,-6.782931e-01, 5.779702e-02, 9.035180e-01
-3.763417e-02, 1.763552e+00,-5.112192e-01, 1.828379e-01, 1.154092e+00,-8.983361e-01,-1.102200e+00, 3.233502e-01, 2.782467e-01, 1.127188e+00,-3.101065e-01, 1.890445e-01, 1.661565e-01, 1.190289e+00,-2.507316e+00, 4.970426e-01, 4.804764e-01,-7.088559e-01,-3.649068e-01, 1.275510e+00
-6.816605e-01, 7.625865e-01,-7.311950e-01, 1.103641e+00,-1.198534e+00, 1.512686e+00, 9.552774e-01,-3.207830e-01, 6.250696e-01, 9.347299e-01, 8.245919e-01, 7.810412e-01,-4.886642e-01, 5.407137e-01, 3.284580e-01,-4.580698e-01,-1.098671e+00,-1.016846e+00, 1.198566e-01,-1.975820e+00
-3.242703e-01, 1.111431e+00, 1.975201e-02, 1.752036e+00,-4.257244e-01,-2.367493e-01, 3.128304e-01,-8.859503e-01,-1.151433e+00, 1.830596e+00, 1.174893e+00,-4.650931e-02,-8.039442e-01,-8.926451e-02, 1.116416e+00, 9.174653e-01, 3.331462e-01, 3.313291e-01,-6.558392e-01,-6.057663e-01
 6.016044e-02,-9.232070e-01,-1.572864e+00,-9.538165e-01, 1.366309e+00,-1.248803e+00, 1.010057e-01, 1.512782e-01, 1.295667e+00,-9.807327e-01, 1.976288e+00, 9.576593e-02,-1.183375e+00,-7.121693e-01,-3.966920e-01,-4.103383e-01,-1.273033e+00, 1.003100e+00, 9.433720e-01,-1.577894e+00
-5.888945e-01, 1.643418e-01,-7.033333e-01, 1.644080e+00,-6.842974e-01,-4.300093e-01, 7.481154e-01, 5.793635e-01, 5.221285e-01,-6.707450e-01,-3.610180e-02,-1.335258e+00,-5.390647e-01, 5.042112e-01, 1.256967e+00,-8.261028e-01,-5.018850e-01,-3.060738e-01, 2.410710e-01, 1.125813e+00
 5.314962e-01, 1.154825e+00, 7.159321e-01,-8.667335e-01, 6.855122e-01, 9.329944e-02, 9.989609e-01,-7.916683e-02,-9.386265e-01,-3.743289e-01, 7.116827e-02, 5.487859e-01,-1.557070e+00,-1.066431e-01, 1.265203e-01, 4.583344e-02,-6.561630e-02,-1.001355e+00, 1.749465e-01, 1.756431e+00
-1.518394e+00,-5.652142e-02, 4.652149e-01, 2.663522e-01, 3.895035e-01, 8.330411e-01,-7.325153e-01, 8.487676e-01,-1.077379e-01, 9.953538e-01, 1.233546e+00,-1.905244e+00,-6.717235e-01,-2.583693e+00, 1.080062e+00, 2.496228e-02,-1.656854e+00, 1.292536e+00,-1.028591e+00, 1.181470e+00
 3.065579e-01,-2.129361e+00,-9.739023e-01, 2.223705e-01,-1.305396e+00,-8.493248e-02, 4.808952e-01,-2.511033e+00,-3.996315e-01, 1.021435e-01, 2.857834e-01, 2.042744e-01, 9.135754e-01, 9.521995e-01,-3.321312e-02,-8.950387e-01,-8.143842e-03,-1.340593e+00, 5.235086e-01, 8.064492e-02
-1.536450e+00, 3.448458e-01, 5.592177e-01,-2.769085e-01, 1.216888e+00, 1.118530e-01,-9.894503e-01, 7.384771e-01, 1.286701e+00, 1.482944e+00, 2.158016e-01, 4.080390e-01,-7.672367e-01, 4.746626e-01, 9.550120e-02,-6.489917e-01, 9.205930e-01,-3.744120e-02,-3.100026e-01,-1.576782e+00
-3.009761e-01,-1.904955e+00,-2.432640e+00, 1.394253e+00, 7.951740e-01,-1.039436e+00, 2.229559e+00,-5.709943e-01,-1.636491e-01, 5.600487e-01, 1.375320e+00, 1.426751e+00, 9.202706e-01,-4.427918e-01,-5.102973e-01,-5.547132e-01, 3.832263e-01,-2.123957e-01, 2.271576e+00,-4.617011e-01
-5.282799e-01,-8.111702e-01,-3.404849e-01,-6.589120e-01,-4.882025e-01, 7.964228e-01, 4.567366e-01, 2.865390e-01, 1.085230e+00, 1.424510e-01, 8.865811e-01, 9.252708e-01, 3.291940e-01, 1.567601e-01, 9.086136e-01,-1.051547e+00,-7.305886e-01, 6.944082e-01, 2.013194e+00,-1.403484e+00
-6.520948e-01, 1.324004e+00, 7.130332e-01, 6.605313e-01,-9.039935e-01, 9.990338e-02,-3.581544e-02, 1.147620e+00, 7.298319e-01, 1.829672e+00, 1.751479e-02, 1.024324e+00, 3.976150e-01,-7.487302e-01,-3.875161e-01,-1.033304e-01, 7.033313e-01,-4.741781e-02, 2.546850e-01, 1.465300e+00
-5.689678e-02, 6.156368e-01,-6.590374e-01,-1.325570e-02,-3.904184e-01, 7.369598e-01,-4.904427e-01, 1.395587e-01,-2.991756e-01, 5.183978e-01,-1.633859e+00,-1.798142e+00,-2.147869e+00, 2.029295e+00, 2.061054e+00,-1.434443e+00,-4.186224e-01, 9.058480e-01,-1.063273e+00,-1.244651e+00
-1.914359e+00, 1.091669e+00,-3.640262e-02,-9.314803e-01, 8.140634e-01, 1.546881e+00,-2.205666e-01, 8.892661e-02,-4.991861e-02, 6.918743e-01,-1.003715e-01, 1.602322e+00,-1.914850e+00, 1.143345e-01,-4.326447e-01,-1.380619e+00, 1.467430e+00, 1.370202e+00, 7.788257e-01, 6.525919e-01
 1.176583e+00, 3.066049e-01,-1.593286e+00, 1.214689e+00,-5.642493e-01, 1.789210e-01,-1.101209e+00,-2.630159e+00,-8.624103e-01, 2.801004e-02, 1.129640e+00,-4.354334e-01, 1.417616e-01, 1.388184e+00,-6.296527e-01,-1.499393e+00, 8.041627e-02, 6.085317e-01, 5.671598e-01,-3.309941e-01
-1.664972e+00,-1.101588e-01, 8.477928e-01,-2.088340e+00,-1.874205e+00,-2.825466e-01, 6.347047e-02,-1.217221e+00,-4.979981e-01,-1.650452e-01,-5.111836e-01, 2.647120e+00, 1.750776e+00, 1.356484e+00,-7.808975e-01, 2.201886e-02,-1.518254e-01,-7.791064e-01,-6.095706e-01,-1.419915e+00
-4.635304e-01,-9.243128e-01,-1.850389e+00,-5.261525e-01,-1.429047e-01,-7.672988e-01, 5.835259e-01, 7.491526e-01,-1.395918e+00,-7.210351e-01,-2.308055e+00,-6.737493e-01, 9.456103e-01,-7.123817e-01, 1.123042e-01, 9.996372e-02, 1.015421e+00, 9.031555e-01, 1.510573e+00,-2.323756e-01
-1.115920e+00, 1.592914e+00,-3.236506e-01,-1.541403e+00, 7.719040e-01,-5.764042e-01,-5.133588e-01,-1.415933e+00,-4.243772e-01,-1.281830e+00, 2.747075e-01,-1.178813e+00,-1.137637e-01,-6.901290e-01, 8.705996e-01,-1.151206e-01, 3.280397e-01,-1.301658e-01,-4.422084e-01, 2.059390e+00
-7.508190e-01, 4.501060e-02,-2.552481e-01, 1.943211e-01,-1.159118e+00,-9.148558e-01,-8.125521e-01,-1.123827e-01,-3.648873e-01,-2.228488e-01,-6.221749e-01, 7.135506e-01, 1.271335e+00, 2.742455e-01, 1.419803e+00,-4.015388e-01,-5.769732e-01,-6.069274e-02,-9.563510e-01, 1.700284e+00
 2.087167e+00,-7.151284e-01, 6.092123e-02, 2.644225e-01,-2.379155e-01, 3.699110e-01,-1.629320e+00, 3.040320e-01,-2.180807e-01, 2.731878e-02,-1.115088e-01,-1.210106e-02,-1.351984e-01,-3.807866e-01, 6.927386e-01, 2.344623e+00, 1.309310e+00, 3.425709e-02, 9.445745e-01,-1.740657e+00
 1.739562e-02, 8.652231e-01,-8.234916e-01,-1.118735e+00,-1.222193e+00,-1.467684e+00, 5.689057e-01,-3.540128e-01, 2.499352e+00, 1.827628e+00,-1.141046e-01, 1.259870e+00,-9.722626e-03, 1.115829e+00,-2.261613e+00,-9.772168e-01,-1.136789e+00, 9.880039e-01, 2.512442e-01,-1.268358e+00
-1.286301e+00, 1.074441e+00, 1.829730e+00, 6.509530e-01, 1.168062e-01,-1.745362e+00, 3.337833e-01,-8.512425e-01, 1.451739e-01, 1.178412e+00,-1.185330e+00,-4.769768e-01, 1.529772e+00, 1.723502e-01, 7.133792e-01, 8.972318e-01,-8.806639e-01, 2.199866e+00,-1.321587e+00,-9.867571e-01
-1.640606e+00, 1.895655e+00,-1.429916e+00,-1.032900e+00,-1.324996e-01,-6.673818e-01,-2.113226e-01,-1.461173e+00,-1.477803e+00,-3.563111e-01,-1.755844e-01,-9.427210e-01,-1.188920e+00, 5.125645e-01, 1.536080e+00,-9.174229e-02,-4.855830e-01, 5.901557e-01,-6.344226e-01, 1.071198e+00
 4.501871e-01,-6.029973e-01, 2.541371e-01, 6.592015e-01,-3.368478e-02, 1.084279e+00,-5.510979e-01, 2.642518e-01, 9.292435e-01, 9.337946e-01,-5.212638e-01, 7.606755e-01,-1.456865e-01,-1.767203e+00, 3.185707e-01,-3.165114e-01, 2.274328e-01,-4.528403e-01,-6.759568e-01,-4.416662e-01
-1.855983e-02,-3.908678e-01,-2.939774e+00, 2.378294e-01,-6.223264e-01, 1.228316e-01, 2.583611e-01,-1.907358e+00,-2.880207e-01,-1.085339e+00,-2.210951e-01,-2.499514e-01,-8.648713e-01,-6.702234e-01,-3.208057e+00,-1.402895e+00,-6.646135e-02, 1.285575e-01,-9.368541e-01,-1.340229e-01
-3.180684e-01,-4.162220e-01, 2.415809e-03, 7.152759e-01,-7.093635e-01,-4.942494e-01,-1.375210e+00,-9.252313e-01, 1.409372e+00, 1.198064e-01,-5.528779e-01, 1.078863e+00,-5.438088e-01, 2.769529e-01, 4.366817e-01,-1.545939e-01, 3.516136e-01, 2.741969e-01, 8.256298e-01, 7.390744e-01
-9.293621e-01,-3.756574e-01, 5.096656e-01,-9.384830e-01, 8.714454e-01, 6.695882e-01,-1.472754e+00,-1.115713e-01, 5.376800e-02, 4.717605e-01,-4.385100e-01, 6.428442e-01,-1.626953e+00, 4.319678e-01,-6.132511e-01, 6.417913e-01, 6.862527e-01, 1.285079e+00,-5.381719e-02,-7.728886e-01
-1.487460e+00,-3.666309e-01,-1.084720e+00, 9.535401e-02, 1.051380e-01,-3.514789e-01,-1.445210e+00,-9.652344e-01, 1.606768e+00,-1.697388e+00,-5.676205e-01,-2.275947e-01, 1.210710e-01,-9.608916e-01,-3.496035e-02,-1.406119e+00,-2.986241e-01,-4.157504e-01, 2.192690e+00, 3.778414e-01
-1.075192e+00,-2.956775e-01, 7.048330e-01,-4.628194e-01,-1.869353e-01,-1.149804e-01,-3.612884e-01,-1.628989e-01,-1.722712e-02, 1.192706e+00, 1.817723e+00, 1.759495e-01, 9.811052e-01, 2.743057e-02,-9.061381e-01,-8.887635e-01, 2.088939e+00, 3.775428e-01, 6.148302e-01, 3.541127e-01
 1.000029e+00, 1.441820e+00, 3.309763e-01,-1.468882e+00,-3.213189e+00, 7.298694e-02, 7.907100e-01, 8.601841e-01,-5.426391e-01,-6.878001e-01, 5.977766e-01, 3.686198e-01,-8.707806e-02,-3.696018e-01,-5.140214e-01, 1.196474e-01,-2.214651e+00,-5.548500e-01, 1.326419e+00,-1.010393e-01
-6.212667e-01,-6.975383e-01, 9.763275e-01, 1.526865e-01,-1.275619e+00, 1.088775e+00, 7.146578e-01, 1.809877e-02, 1.978693e+00,-1.810456e+00, 3.037229e-01,-1.168949e+00,-2.973848e-01, 8.078424e-01, 1.470311e-01, 9.254361e-01,-1.240695e+00,-1.404685e-01, 1.052224e+00, 1.414674e+00
-1.384427e+00,-3.881675e-01,-8.433399e-01, 1.773763e+00, 7.629063e-01, 1.292569e+00,-5.651535e-01, 1.372625e-01,-1.366113e+00,-1.242699e+00, 1.717960e+00,-5.794325e-01, 6.135868e-01, 2.975327e-01,-1.343876e+00,-6.803269e-01, 7.636107e-01, 4.892541e-01,-1.159577e-01,-5.086570e-01
 1.869291e+00, 6.525365e-01,-9.705799e-01,-6.480709e-01,-4.068151e-01, 1.282511e+00, 1.418014e+00, 1.598886e+00, 4.248964e-01,-1.970755e+00,-8.926664e-01, 2.973398e-01, 1.349531e+00, 2.305569e-02, 1.634616e-01,-1.294151e-01, 1.510215e-01,-1.866205e+00, 2.319541e-01,-2.626096e-02
 4.251004e-01, 1.124772e+00,-1.771531e+00,-1.998175e-01,-1.208318e+00, 9.790561e-01,-1.145757e+00,-1.113008e-01,-9.763090e-01,-4.120367e-01, 5.735348e-01, 1.852448e+00, 9.877706e-01, 1.101914e+00,-5.429092e-01, 1.254152e-01, 2.422678e-01, 9.646673e-01, 1.458128e+00,-9.223805e-01
-2.386471e-01,-7.721108e-01,-3.224703e-01, 6.892437e-01,-4.393227e-01, 3.294698e-01,-4.928178e-01, 2.854559e-01, 1.192972e+00, 8.258041e-01,-1.012356e+00, 8.067137e-01, 7.999359e-01,-1.620535e-01, 4.230169e-01,-2.110413e-01, 4.725796e-01,-2.146779e-01, 1.745774e-01,-4.078262e-01
 1.058483e+00,-5.080862e-01,-1.338801e+00, 3.614551e-02,-3.755807e-01, 1.879636e+00,-7.330523e-01,-1.983910e+00, 4.409596e-01,-5.615588e-01,-4.820254e-01, 4.881875e-01, 1.413383e+00, 8.654472e-02,-1.231613e+00, 8.713768e-01,-4.980093e-01,-3.735974e-01,-5.528782e-01,-1.512813e+00
 8.864227e-01, 5.236206e-01, 6.881560e-01, 1.943536e+00,-5.014424e-01, 2.042899e+00, 1.592321e-01, 3.074022e-02,-4.290976e-01,-1.226817e+00, 5.114058e-01, 9.265013e-01,-9.890234e-01, 1.699790e-02, 1.106675e+00, 1.558680e+00,-6.160137e-01,-1.359342e+00, 5.856783e-01, 2.544103e-01
-6.192430e-01, 1.017754e+00, 7.128065e-02, 7.372137e-01, 4.966126e-01, 1.328576e+00,-1.751193e+00,-7.600049e-01,-3.776643e-01,-3.335840e-01,-5.598870e-01, 4.583099e-01,-6.320635e-02, 1.501724e-01, 5.309924e-02, 2.181883e-01, 2.072805e-02, 1.049418e-01,-4.479249e-02, 1.567397e+00
 2.206102e+00,-2.511646e-01, 2.189752e+00, 2.321334e+00, 1.520881e+00,-2.196686e-01, 1.184831e+00,-1.224013e+00, 8.887001e-01, 6.174515e-03,-4.826436e-01,-6.519434e-01, 9.421095e-01, 4.829145e-01,-3.202110e+00, 4.061547e-01,-4.128317e-01, 9.113577e-01, 5.674214e-01,-1.341279e+00
-2.550270e-01,-1.429993e+00,-1.157708e+00, 3.489093e-01, 9.880918e-01,-1.040047e+00, 1.207032e+00, 1.002367e+00,-1.065006e+00, 2.465595e-01, 1.472926e+00, 1.215804e+00,-5.944433e-01, 8.826084e-01,-9.539044e-01,-2.582074e-01, 4.121285e-01, 1.197779e+00, 6.954017e-01,-9.351714e-01
-1.424495e+00, 1.709121e+00, 1.181688e+00,-1.133917e+00, 1.246123e+00, 1.929498e-01, 9.776493e-01,-2.154142e-02,-7.772712e-01, 4.475679e-01, 1.594222e+00,-1.086508e+00, 7.171820e-01, 3.159248e-01,-2.051550e-01, 8.852841e-01,-1.338261e+00,-1.692266e+00, 1.240350e+00,-4.572309e-02
-1.443996e-01, 1.435070e+00,-5.273684e-01, 4.213353e-01,-3.298673e-01,-5.552363e-01,-8.199174e-02, 9.453213e-01, 4.078626e-01,-2.450179e-01,-7.308698e-01,-9.751037e-01, 8.512913e-02, 2.282384e-01, 3.524594e-01, 5.585286e-01,-1.479834e+00,-2.347093e-01,-6.951935e-02,-1.819475e+00
 2.075383e-01,-7.103711e-01,-1.456628e+00,-9.245563e-01, 8.443447e-01, 2.749909e-01, 1.156263e+00,-9.084912e-01, 7.502717e-01,-7.643339e-02,-3.828922e-02, 3.130263e-01, 1.035156e+00,-1.083844e-01, 5.895883e-01, 1.817844e-01, 1.028347e+00,-3.129810e-01,-2.348888e-01,-6.302712e-01
 2.307978e+00,-6.506757e-02, 5.729674e-01,-1.007062e+00,-9.810758e-01,-5.505134e-01, 4.867963e-01,-2.402202e+00,-1.715003e+00, 1.123050e+00, 9.917624e-01, 1.691533e+00,-1.847115e+00, 1.105061e+00, 1.574007e+00, 1.448136e+00,-2.221051e+00, 4.757801e-01, 1.568616e+00,-3.760310e-01
 1.058024e-01,-1.759469e+00,-1.433378e+00,-1.894743e-01,-1.392214e-01, 9.212599e-01, 9.588487e-01, 1.629380e-01, 1.922547e-01, 1.580750e+00,-1.866283e+00,-5.723875e-01, 3.314025e-01, 5.887191e-01,-6.277453e-01, 3.732029e-01,-1.638558e+00, 1.255825e+00, 3.871385e-01,-1.100852e+00
 4.569988e-01, 5.697230e-01,-1.055185e+00, 9.339167e-01, 2.185438e+00, 2.189456e+00, 1.777924e-01, 9.432089e-01,-1.161733e+00,-8.278613e-01,-4.373331e-01, 1.051263e+00, 1.022428e+00,-3.163827e-01, 8.681650e-01,-3.950509e-01, 3.572394e-01,-7.040130e-01,-6.128071e-01,-2.217753e-01
-7.715294e-02, 1.612347e+00,-7.331119e-01, 3.439100e-01,-1.282801e-02, 9.639948e-01, 2.922509e-01, 2.544605e+00,-6.418287e-01, 4.912117e-01, 9.360805e-01,-1.812548e-01, 5.511921e-01, 3.663566e-01,-1.484370e+00,-4.775294e-01, 2.628372e-02, 6.113042e-01,-1.476111e-01, 8.329917e-01
-3.340008e-01,-1.637281e+00, 2.109073e-01, 8.140203e-01,-3.053089e-01, 7.418185e-01,-2.113341e+00, 8.871909e-01, 1.312439e+00, 1.857698e-02, 3.831842e-01, 4.856470e-01, 1.440873e+00,-7.610896e-01,-4.008993e-01,-1.629940e-01,-1.476867e-01,-1.092697e+00,-3.515396e-01, 2.315666e-01
-3.472603e-02,-7.795685e-01,-9.989207e-01, 9.153410e-01,-5.842135e-01, 3.735656e-02,-5.380479e-01, 1.060437e+00, 1.001540e+00, 1.320948e+00,-3.017347e-01,-1.435933e+00,-7.421902e-02,-3.876263e-01,-6.393477e-01,-1.890104e-01, 8.081118e-01,-8.070087e-01,-5.394288e-01,-2.928724e-01
 7.876396e-01,-6.411769e-01, 1.077850e+00,-1.718521e-01, 7.712685e-01, 2.180834e+00, 1.014026e+00,-6.157479e-01,-1.935278e-01, 9.302307e-01,-1.004253e+00,-1.061941e+00,-1.131544e-01,-2.350803e+00, 2.163910e-01, 1.813627e-01,-5.741340e-01, 1.505688e+00,-1.624349e+00,-3.205073e-01
 2.075245e+00,-6.811314e-01,-1.198974e+00,-2.402231e+00, 2.106189e+00,-7.958520e-02, 1.012696e-01, 3.528549e-01,-9.331768e-01, 1.076216e+00, 8.097964e-01, 1.892607e+00, 8.564798e-01,-7.652999e-01,-1.261138e+00, 8.261688e-01, 5.824096e-01,-3.149275e-01, 9.965876e-01,-1.728665e+00
 1.027392e+00,-2.033286e+00, 2.166370e-01, 7.959069e-01, 4.121570e-01, 1.376295e+00,-1.218707e+00,-4.753281e-01, 3.103294e-01,-3.002706e-01, 1.459657e+00, 2.449070e-02,-1.855841e-01, 4.621675e-01, 1.987969e+00, 3.944157e-01,-9.720503e-01,-1.903771e+00,-1.659445e+00,-5.101790e-01
 1.207908e+00, 5.009636e-01, 1.430870e-01, 2.169116e+00,-2.612649e-01, 1.575317e+00,-9.583768e-01, 4.220564e-01, 1.583322e+00, 1.044741e+00,-2.191226e+00, 6.785372e-02, 1.428052e+00, 2.173902e+00, 9.823048e-01, 7.385849e-01, 1.836963e+00,-7.553869e-02, 7.083861e-01, 1.462713e-01
-1.231323e+00,-1.531798e+00,-1.065750e+00, 5.838350e-02, 2.073784e+00, 1.603770e-01,-5.557975e-01,-1.183559e+00, 9.061492e-01, 7.091411e-01,-4.053392e-01,-2.572417e+00, 2.081767e+00,-2.036717e+00,-3.068203e-01,-2.711302e-01, 1.200863e+00, 2.559824e-01,-1.721338e+00, 3.659809e-01
 9.838956e-01,-2.499764e-02,-4.286234e-01,-1.354914e+00,-7.788302e-01,-3.253220e+00, 2.121876e+00,-3.837496e-01, 4.011428e-01,-1.269407e+00, 1.940672e+00, 1.220298e+00,-5.674901e-01, 1.586376e-01,-1.313164e+00,-6.159107e-02, 1.068181e+00,-1.334862e+00,-1.946597e+00,-6.453492e-01
 2.199248e-01, 5.929847e-01,-6.561795e-01,-3.675508e-01, 1.131533e+00,-3.299305e-01,-1.795900e-01,-1.459666e+00, 7.569744e-02,-9.320857e-01, 4.849653e-01,-1.336990e-01,-1.087756e+00,-7.566148e-01,-9.072112e-01, 8.494354e-01, 6.350602e-01, 2.273744e+00,-9.240939e-01, 1.032006e+00
-1.467250e+00,-1.981954e-01, 9.593943e-01,-9.345176e-01,-4.213451e-01, 4.570898e-01,-6.447354e-01, 4.577322e-02, 1.059489e+00, 1.373607e+00,-2.020973e-01, 4.546231e-01, 1.321010e+00,-2.106320e-01,-9.268695e-02,-1.208229e+00, 1.286887e+00, 1.458764e-01, 4.158471e-01, 1.197425e+00
 5.210227e-01, 8.920084e-01, 1.556053e+00,-4.163922e-02,-1.021747e+00,-1.304104e+00,-2.092584e+00, 4.524561e-01, 9.169380e-01,-4.610528e-01,-1.169629e+00, 3.616804e-01, 7.181619e-01, 7.562651e-01,-2.503328e+00, 1.057702e+00, 6.217505e-01,-4.337796e-01, 1.158584e+00, 7.162663e-02
-1.587546e-01,-2.571507e-02,-1.040796e+00, 6.761120e-01, 1.218305e+00,-1.291173e+00,-1.901871e+00, 5.756587e-02, 8.092731e-01, 1.315696e+00,-3.698461e-01, 3.914168e-01, 7.195044e-01,-9.997345e-01,-5.827925e-01, 2.374344e+00, 6.651754e-01,-1.089729e+00, 9.568988e-01,-1.269590e+00
 1.464587e+00,-6.476605e-01, 9.305724e-01, 8.664361e-01,-1.799761e+00, 9.063797e-01, 1.222250e+00,-6.386939e-01,-7.116223e-01, 6.589347e-01, 7.597938e-01,-4.020280e-01,-9.650982e-01,-9.437445e-01, 1.120827e+00,-4.002474e-01,-2.623110e+00,-8.846923e-01,-1.501232e+00,-1.036356e+00
-7.660820e-01, 6.463594e-01,-7.544593e-02, 2.351750e-01,-3.082499e-01,-2.795961e+00,-8.512204e-01,-2.386813e-01,-2.689585e+00,-1.070991e+00, 1.977891e-01, 1.884998e+00, 1.664588e-01,-3.213107e-02, 1.165117e+00, 9.916159e-01,-6.010950e-01, 8.598402e-01, 6.162149e-01, 3.230236e-01
-4.302118e-01,-4.338327e-01,-1.967195e+00,-9.339701e-01, 1.551524e-02, 2.335606e-01, 1.621203e+00,-1.642903e+00,-5.670470e-01,-5.389864e-01,-4.547363e-01, 1.357892e-01, 1.060343e+00,-1.514502e+00,-2.225848e-01, 9.634778e-01, 1.014422e+00,-3.874167e-01, 8.679585e-02, 4.420487e-01
-9.261095e-01, 1.772611e+00,-7.559036e-01, 8.132522e-01,-4.423177e-01,-2.690359e-01,-3.291028e-01,-2.225746e-01, 1.299199e+00,-1.297388e+00,-9.205968e-01,-1.691391e-01,-3.662241e-01,-1.619035e+00, 2.718095e-01, 9.969293e-02,-1.388398e-01, 1.690168e+00, 2.932570e-01, 3.496180e-01
-1.771040e-01,-1.825971e-02, 4.611492e-01, 1.348319e+00,-1.638008e+00,-6.585451e-01,-2.326410e+00,-1.775568e+00,-1.902915e-01, 1.902335e-01,-1.077072e-01, 1.621825e+00, 3.397741e-01,-3.882137e-01,-9.102620e-01,-6.529022e-01, 3.381128e-02,-1.265594e+00,-1.186058e+00, 1.252709e+00
 4.020118e-01, 8.528150e-01, 1.451066e-01, 2.251883e+00,-6.414012e-01, 6.334579e-02, 2.192998e+00,-1.546590e-02,-6.380483e-01,-3.539586e+00,-1.203662e+00,-3.730154e-01,-2.316388e+00,-3.786030e-01,-7.411211e-01,-1.362005e+00, 5.158289e-01,-1.475240e-01,-1.102900e+00,-2.397824e-02
-7.317482e-01, 2.051629e-01,-2.442311e+00,-4.936524e-01,-1.557036e+00, 5.447684e-02,-1.082480e+00, 1.751047e+00,-2.035384e+00, 1.211398e+00, 2.674871e+00,-1.346464e+00, 1.188348e+00,-1.595049e+00,-4.267864e-01, 4.530203e-01,-7.508264e-02,-1.658562e+00, 1.328983e+00,-1.069321e+00
 8.303732e-01,-3.008049e+00, 5.803187e-01, 4.740926e-01, 1.923164e+00, 2.470093e-01,-5.063610e-01, 7.042065e-01,-6.043724e-01, 2.908838e-01, 1.572465e+00,-2.088681e+00,-1.390336e+00,-1.108937e+00, 7.506825e-01, 1.080770e-02,-7.014535e-01,-3.344020e-01, 1.625136e-01, 1.210260e+00
-1.208083e+00,-1.366112e+00, 6.550520e-01, 1.193692e+00,-1.856830e+00, 1.240355e-01, 9.591896e-02, 1.481019e+00,-8.081619e-01, 8.147709e-01, 6.784192e-01,-1.016183e-01,-1.586185e+00, 5.550068e-02, 6.493287e-01,-1.023497e+00,-1.100575e+00, 1.313162e+00, 7.977844e-01,-8.763877e-01
-1.047984e+00,-4.241023e-01,-3.045088e-01,-1.163955e-01,-2.106118e+00,-5.352567e-01,-1.201653e-01, 1.352888e+00,-6.067792e-01,-2.223406e-01, 1.164126e-01,-5.943960e-01, 1.302934e+00,-1.372619e+00,-4.482956e-01,-1.615920e+00,-2.226764e+00,-2.477487e-01, 2.311198e-02, 1.198014e-01
 1.441158e+00, 2.368037e-01,-7.075682e-01, 5.248586e-01, 6.976485e-01, 2.584826e-01,-1.518668e+00,-3.299578e-01, 8.690882e-02, 1.434831e+00,-4.663131e-01,-2.158931e-01, 7.368182e-01, 1.371316e+00, 1.059415e+00,-8.614371e-01,-1.846500e-01, 8.711466e-01,-2.453897e-01, 5.382004e-01
-1.015847e+00,-2.342723e+00, 1.971572e+00, 2.144215e-01, 9.074444e-01, 1.387709e+00,-1.510585e+00, 3.634987e-01,-2.342970e-01, 1.896091e-01, 1.846233e+00, 7.526000e-02,-5.711095e-01,-2.059035e+00,-2.695305e+00, 8.657970e-01, 5.016479e-01, 9.380064e-01,-2.415018e+00,-1.315801e-01
 4.119747e-01, 9.616966e-01,-8.999868e-02,-1.344495e-01,-1.959882e-01, 6.671704e-01, 1.395605e+00,-1.827663e+00, 1.262527e+00,-9.815874e-01,-1.291395e+00, 2.166925e+00,-4.203808e-01,-9.915255e-01,-3.271592e-01,-1.009157e+00,-5.871950e-01, 4.872069e-01, 1.263871e+00, 4.072342e-01
-3.810761e-01,-6.044257e-01,-1.401725e-02, 1.685091e-01,-2.068205e-01, 1.497049e+00,-7.084219e-01, 8.937777e-01,-1.563798e+00,-7.830117e-02, 9.607356e-01, 6.454050e-01, 8.959194e-01, 2.519339e-01, 1.319669e+00,-1.357481e-01, 5.561449e-01,-3.873815e-01, 1.930280e+00,-3.366258e-02
 4.094018e-01,-7.528773e-01,-1.123457e+00, 9.647328e-01, 7.250432e-01,-2.748804e-01, 8.279384e-01,-7.191249e-01,-1.493472e+00, 9.007418e-01, 2.325409e-01,-1.973327e-01, 1.090704e+00,-1.063945e+00, 1.558511e+00, 5.743370e-01, 7.837438e-01, 3.975327e-01, 1.635536e+00,-1.127356e+00
 1.688873e+00,-1.555612e+00,-1.344130e+00, 4.087789e-01, 1.398719e+00, 5.830758e-01, 1.707756e+00, 9.405095e-01,-1.097135e+00,-1.446105e+00, 8.625499e-01, 1.273678e+00,-5.202849e-02,-2.169023e-01, 8.606374e-01,-2.397829e+00, 4.003803e-01, 1.018210e+00, 3.030097e-01,-6.562051e-01
 1.586588e+00,-1.453894e+00,-1.523156e+00,-4.664382e-01,-1.590555e+00, 5.033585e-01,-7.791666e-01,-1.871158e+00,-2.910675e-02,-7.147710e-02, 1.411428e+00,-3.073392e-01,-6.700798e-01,-8.382490e-01, 1.421369e-01, 2.817878e-01,-2.281931e+00,-2.802178e-01, 1.518587e+00,-6.773753e-01
-3.309078e-01, 5.633184e-02,-4.219682e-01,-2.239783e+00, 1.304497e+00,-7.432477e-01,-7.068991e-01, 1.147003e+00, 2.173685e+00,-7.961436e-01,-1.301485e-02, 5.220215e-01,-3.995512e-01, 6.587736e-01, 2.023633e-01, 4.131663e-02,-2.071930e-01, 2.282515e-01, 9.616745e-01, 7.205447e-01
-2.285236e+00, 5.093694e-01, 1.360924e+00,-7.950632e-01, 1.960117e-01,-8.168776e-01,-1.992903e+00,-5.029911e-01, 1.369787e+00,-1.545439e+00, 2.022640e-01, 1.162633e+00, 4.338901e-01, 4.520075e-01,-5.002520e-01,-1.850623e+00, 2.635449e-01,-1.584541e+00, 4.072205e-01, 1.153317e+00
 2.497662e+00,-2.097883e+00, 1.753795e+00,-1.995512e-02,-3.393434e-01, 1.870284e+00, 1.899877e+00, 1.425898e+00,-3.783807e-01, 2.096200e+00,-2.786015e+00,-9.284888e-02,-1.875139e-01, 7.999638e-01,-1.150692e+00,-7.944772e-01, 1.099130e-01, 1.237676e-01, 1.017837e+00,-1.797642e+00
 6.670662e-01,-1.004362e+00, 1.568365e+00,-2.514425e+00, 1.265144e+00,-8.272530e-01,-7.562069e-01,-1.933996e-02,-7.787449e-01, 1.673461e-01,-1.580004e-01,-1.901948e+00,-9.937050e-01, 3.647287e-01,-6.085517e-01,-4.952863e-01, 6.376373e-01, 3.119861e-02,-4.282690e-02,-1.401505e+00
 5.413273e-01, 5.357717e-01, 1.296756e+00, 2.210952e+00, 9.397737e-01, 9.507127e-01,-3.779558e-01,-6.380737e-01, 1.264085e+00, 5.140987e-01, 8.316380e-01,-4.932662e-01,-9.224102e-01, 2.085946e+00,-1.470749e-01,-6.858809e-01,-1.844587e-01, 1.676108e+00,-1.906889e+00, 1.625471e-01
-1.339952e-02,-4.530371e-01,-2.375963e-01,-1.488762e+00, 1.277952e+00,-2.661724e-01,-1.363955e+00, 4.982710e-01, 3.080131e-01, 1.253947e-01, 2.188532e+00, 1.863692e+00,-2.258650e-02,-7.148486e-02,-1.435829e+00,-5.527560e-01, 6.069959e-01,-8.605774e-02, 9.272123e-01, 9.807372e-01
 5.101084e-01, 2.165369e+00,-1.224150e+00,-1.160752e+00,-2.911601e-01,-1.099082e+00, 7.419582e-01,-5.824674e-02,-4.185017e-01,-1.581248e+00,-1.146094e+00,-2.128090e-01,-1.073985e-02, 2.023382e-01,-2.431724e-01,-1.025440e-01,-7.626756e-01, 1.047016e+00, 9.275171e-01,-6.921399e-01
-1.643758e-01, 1.245747e+00,-3.278127e-01, 1.457738e+00, 7.761724e-01,-1.534218e+00, 1.610976e+00,-6.262168e-01,-3.764293e-02, 7.304076e-02, 2.312501e-01, 1.136660e+00,-5.002370e-01,-1.529769e+00, 2.026695e+00, 8.248785e-01, 6.683932e-01, 3.862640e-01, 1.099099e+00,-3.494228e-03
 4.206946e-01, 5.954980e-01,-2.412450e+00,-2.189876e+00, 2.957256e-01,-1.206310e+00, 2.273874e-01,-8.946208e-01, 1.187299e+00, 1.347697e+00, 2.264836e-02, 4.427395e-01,-1.816717e-01,-3.380881e-01,-1.017997e+00,-1.279625e-01,-2.855336e-02, 1.393085e+00,-1.638680e+00, 1.715803e-01
-4.002467e-01, 4.884450e-03,-3.137929e-01, 7.390627e-01,-5.171996e-01,-1.950025e+00,-4.005157e-01, 2.410060e+00,-1.056577e-01, 1.375400e+00, 1.379130e+00, 6.990448e-02, 1.895414e-01, 9.541364e-01,-1.309856e+00,-5.882705e-01,-2.128263e-01, 2.847097e-01,-7.449593e-01,-1.516373e+00
-1.370208e+00, 2.793608e-01, 1.659879e+00,-3.440088e-01, 1.757233e+00,-8.840400e-01,-1.669580e+00,-9.496473e-01, 2.024417e-01,-5.170813e-01,-2.462528e-01,-2.625883e+00, 5.029890e-01, 8.184252e-02,-6.164509e-01, 6.681885e-01, 2.565091e+00,-9.119772e-01,-1.519326e-01, 6.291412e-01
 9.878383e-01,-7.059061e-01, 1.309531e-01, 4.558767e-01, 1.617268e-01, 9.734060e-01, 1.490701e+00, 5.591515e-01, 7.804085e-01, 1.515827e+00,-5.125345e-03, 7.164138e-01, 1.673919e+00, 1.708018e+00, 1.024419e+00, 1.005148e+00,-6.632083e-01,-5.212106e-01, 1.861085e+00,-1.678194e+00
 1.519745e+00, 6.280172e-01, 1.095889e+00, 8.781103e-01,-5.468438e-02,-5.809713e-01, 6.914874e-01,-2.114147e-01,-5.421424e-01, 1.499126e+00,-9.630028e-01,-6.046117e-01, 2.547228e+00, 2.006053e+00,-8.327493e-01,-1.422038e-01, 2.281828e+00,-6.127845e-01,-6.021603e-01, 1.179781e+00
-3.087406e-01, 1.480214e+00, 4.893410e-01,-9.584639e-01, 5.289716e-01, 1.736767e+00,-4.097748e-02,-1.017855e+00,-2.026532e+00, 8.145770e-01,-1.937348e-02,-3.705845e-01, 5.221488e-01,-7.879213e-01, 1.442077e+00, 8.642859e-01, 5.024080e-01, 1.557954e+00,-8.417027e-01, 1.117655e+00
-1.253290e+00, 1.083430e+00,-7.789103e-01,-7.058448e-01, 3.897345e-01,-1.726753e-01, 1.204345e+00,-1.390191e+00,-2.167199e-02, 1.665649e+00,-1.158668e+00,-5.336684e-01,-8.924201e-01,-2.010249e+00,-1.269219e+00,-2.190459e-02, 1.961962e-01,-7.292970e-01, 2.365743e+00,-1.237736e+00
 6.422413e-01,-8.132443e-01, 1.743559e+00,-2.996949e+00,-7.057714e-01,-9.379925e-01, 1.298515e+00,-1.488629e+00, 1.222283e+00, 1.014969e+00,-1.570744e-01, 1.812187e+00, 7.283126e-01, 1.136374e+00,-3.143090e-01,-2.647309e-01, 5.036701e-01,-1.503951e+00, 1.565465e-02,-1.230165e+00
-4.470914e-02,-1.618877e+00,-7.838729e-02,-9.610523e-01,-5.317848e-02,-2.845937e-01,-4.622170e-01,-1.406045e+00,-1.736816e-01, 5.271561e-01,-6.007210e-01,-1.196309e+00,-1.158923e+00, 1.865077e+00,-6.141978e-01,-9.133130e-01,-1.419331e+00,-5.667870e-01, 4.342040e-02, 5.977909e-01
-1.733218e+00,-1.096557e-01,-9.755538e-01, 3.801883e-01, 2.606444e+00,-5.890181e-01,-1.225774e+00,-1.496235e+00, 6.640132e-01,-1.944936e+00,-1.640018e-01,-2.691768e+00, 1.493284e+00, 1.024618e+00,-5.643765e-01,-1.134630e+00, 1.856064e+00,-2.104454e+00,-7.778307e-01, 2.988644e-01
 2.131860e-03, 4.408894e-01, 7.065982e-02, 5.050676e-01,-7.259310e-02,-4.439314e-01, 9.632668e-01, 6.861459e-01,-5.478382e-01, 6.883103e-01,-6.837973e-01, 5.465134e-01,-8.482499e-01,-2.123862e-01,-5.648971e-01, 7.645571e-01, 2.201135e+00, 5.307319e-01, 9.350711e-01,-1.101394e-01
-6.303003e-01, 1.350994e+00,-1.518600e+00, 2.027056e+00,-2.962719e-01, 5.999657e-02, 6.932112e-01,-2.367616e-01,-9.174420e-01, 7.633142e-02, 1.662979e+00, 7.689264e-01, 3.076819e-01, 2.110363e-01,-3.071243e+00, 5.707101e-01,-1.229312e-01, 1.617684e+00, 1.432774e+00,-8.076750e-01
-3.409686e-01,-1.318609e+00, 8.637790e-01, 6.462703e-02, 7.343303e-01, 8.223295e-02,-5.013932e-01, 1.999142e+00, 4.371058e-01,-8.374996e-01,-5.716700e-01,-1.867578e-01, 1.933022e+00, 4.460756e-01,-1.314466e+00,-1.351694e+00,-9.482769e-01, 1.184532e+00,-1.174743e+00, 1.145392e-01
-1.156572e+00, 3.643846e-01, 5.015684e-01, 4.636586e-01, 4.014807e-01, 7.583975e-01, 3.153971e+00, 6.332387e-01,-3.849686e-01,-1.501871e-01,-3.545869e-02,-2.293598e-01, 7.025434e-01, 5.205997e-01, 6.770561e-01,-2.029885e+00,-1.134179e+00, 1.876333e+00, 1.488931e-01,-1.795201e-01
 1.803142e+00, 2.334998e-01,-3.547813e-01, 7.477833e-02,-5.383011e-01, 5.396630e-01,-2.549107e+00, 1.648198e+00, 8.423753e-01,-9.962135e-01,-3.970623e-01, 1.630186e+00, 1.630972e-02, 3.775619e-01, 1.599117e+00, 5.904787e-01,-6.708199e-01,-4.557759e-01, 8.048433e-01, 5.484490e-02
-3.311320e-01, 1.193955e+00,-4.884289e-01,-4.868362e-01,-1.082723e+00, 7.766476e-01,-8.138085e-03, 5.027186e-01, 9.530163e-01, 1.216600e+00, 7.147347e-01,-2.164671e+00, 6.414685e-01,-6.236588e-01,-9.789879e-01,-1.413070e+00,-6.780709e-01, 6.692327e-01, 1.142039e+00, 1.299140e+00
-1.605513e+00,-2.790997e-02, 9.362939e-01, 7.489108e-01, 8.478014e-01, 1.321717e-01, 1.138781e+00, 8.454674e-01,-4.106318e-01,-1.718353e-01, 1.267455e+00,-1.077776e+00, 1.655219e+00,-5.726105e-01,-4.306572e-01, 1.610342e+00, 3.294679e-01,-1.283007e+00,-5.096174e-01,-4.345612e-01
 1.971934e-01,-3.572989e-01,-1.062408e+00, 4.642346e-01, 1.188450e-01,-8.068653e-01, 1.482346e+00, 4.672474e-01, 1.008083e-01,-1.333960e+00,-3.567863e-01, 7.391149e-01,-8.596355e-01, 3.125012e-01,-1.622099e+00, 1.840443e+00,-4.182432e-01,-3.967001e-01,-2.576227e+00,-8.089230e-01
 2.631756e-01,-1.146814e+00,-9.838209e-01, 1.294205e-01, 4.822472e-01, 4.493501e-01, 9.758450e-01,-4.020551e-01, 9.207557e-01, 1.415607e-01,-1.025323e+00, 3.866087e-01, 6.173840e-01,-7.074278e-01,-6.471956e-01, 1.368298e+00,-3.671300e+00,-1.185531e-01,-1.909544e-01,-5.223515e-01
-9.858267e-01,-5.174205e-01, 4.242479e-01,-8.154607e-01,-2.913248e-01, 4.126415e-01, 1.483503e-01, 9.235267e-01, 1.459595e+00,-1.291411e+00, 4.097166e-01, 1.296397e+00, 1.335837e+00, 5.212035e-01, 3.610057e-01,-1.255573e+00,-1.029729e+00,-9.572151e-01, 3.387035e-01,-2.877157e-01
-2.888921e+00,-3.621238e-01,-4.513135e-01,-4.015045e-02,-1.652110e+00,-4.036140e-01, 7.889088e-01,-8.055641e-03,-3.968425e-01,-1.332487e+00, 5.297543e-01,-8.035584e-01,-5.340088e-01, 4.481880e-01,-7.873499e-01,-1.384347e+00,-4.237501e-01, 4.186377e-01, 8.063676e-01,-6.432133e-01
-6.404817e-01, 2.350554e+00, 9.250848e-01, 7.814170e-01, 6.909460e-02,-3.880883e-01, 5.575812e-01, 1.033784e+00,-4.830838e-01,-1.805484e+00,-3.631275e-01,-1.602626e+00, 5.283728e-01,-5.053226e-01, 2.644144e-01,-1.957968e-02, 9.238530e-01,-1.071797e-01,-1.482477e+00, 3.428187e-01
 5.705076e-01, 2.446531e+00,-1.986208e-01, 6.764527e-01, 2.390577e+00, 1.095188e+00,-2.739439e-02,-7.991270e-01,-3.162191e-01,-6.780407e-01, 6.817494e-01, 9.332510e-01,-7.369823e-02,-2.066122e-01,-1.143783e-01, 1.625857e-01,-6.891166e-01,-2.989186e-01,-5.430702e-01, 1.448106e+00
-5.972328e-02,-1.667033e-01, 1.194851e+00,-4.826525e-01,-1.461772e+00, 1.340480e+00,-8.770750e-01, 1.004233e+00, 1.210004e+00,-4.733581e-01, 2.034108e-01, 1.806089e+00, 1.094595e-01, 2.961402e-02,-1.630804e+00,-1.347084e-01,-1.123539e+00, 3.097706e-01,-3.747029e-01, 1.353707e+00
-9.817874e-02,-1.043667e+00, 4.955447e-01,-6.691135e-01,-9.848063e-01, 1.144055e-01, 1.216243e+00,-3.119734e-01,-7.529806e-01, 1.027417e+00,-1.284553e+00,-5.650363e-02, 1.100181e+00, 2.052344e+00,-9.873403e-01,-8.479864e-02, 1.288833e+00, 2.546814e-01,-5.120937e-01, 4.747789e-01
 5.608207e-01,-1.972935e+00,-2.245153e+00, 5.128013e-01,-1.336054e+00,-3.922646e-01,-3.512498e-01,-8.861496e-01,-6.492672e-01,-5.973876e-01, 6.105965e-01, 1.885911e+00,-1.535780e-01,-7.685576e-01,-1.781796e+00,-5.729619e-01, 9.661604e-01, 1.764684e-01, 1.098055e+00,-2.489249e-01
-1.186459e+00, 5.146716e-01,-1.335371e+00, 1.048910e+00,-3.651316e-01, 1.652358e+00,-2.943931e-01,-1.922255e+00,-2.542445e-01, 1.159849e+00,-1.196288e+00, 1.578383e+00,-1.562579e-01,-5.652588e-01,-1.115050e+00, 1.667606e+00,-1.419548e+00,-1.074682e+00,-1.316668e+00,-1.443684e+00
 1.096777e+00,-1.090574e+00, 1.282775e+00, 1.210582e-01, 1.381454e+00,-1.243698e+00, 2.531378e-01, 1.619701e+00,-1.296370e+00,-1.333227e+00, 1.322607e+00, 5.022846e-01,-3.863731e-01, 1.666663e+00, 1.586490e+00,-5.767017e-01, 1.514711e-01, 1.043544e-01,-6.503156e-01,-9.836759e-01
-5.344028e-03, 2.284659e+00, 6.907959e-01,-3.132929e-01,-1.533173e-01,-9.119259e-01, 1.149799e-02, 5.192699e-01,-4.246571e-01,-9.257557e-01, 3.742956e-01, 4.299142e-01,-8.468195e-01,-1.540401e+00,-7.759662e-01, 3.018563e-01,-1.968902e+00,-1.212200e+00,-1.186115e+00,-1.193301e+00
 7.073107e-01,-8.856176e-01,-9.670627e-01,-8.806707e-01,-2.555716e-01, 8.500435e-01,-1.975784e+00,-5.584993e-02,-3.991557e-01,-1.074495e+00, 1.637342e+00,-1.265646e+00,-2.172927e+00, 1.145046e+00,-6.560924e-01,-3.898223e-01, 8.652517e-01, 4.314887e-01,-1.479564e+00,-6.048791e-02
 1.034108e+00, 1.111064e-01,-1.345794e+00,-4.192869e-01,-1.288627e+00,-9.253130e-01,-4.263267e-01, 6.964176e-01, 5.987491e-02,-1.451116e+00,-9.559382e-02, 2.236232e+00,-7.179062e-01,-1.561950e+00,-9.650490e-01,-8.059463e-01,-2.020537e+00,-2.213069e+00, 1.081911e+00, 1.950023e+00
 2.234804e-01, 3.810277e+00, 1.033665e+00,-1.482752e+00, 6.526642e-02, 8.935812e-01, 6.123026e-01, 5.351568e-02, 6.806779e-01,-5.887322e-01,-1.560032e+00, 3.319684e-01, 1.699783e+00, 4.712216e-01, 7.468633e-01,-6.508739e-01,-7.857068e-01, 2.736970e+00,-5.911731e-01,-1.399882e+00
-8.787076e-01,-1.108910e+00,-8.117765e-01,-6.973182e-01, 1.035326e+00,-9.410097e-01, 1.230814e+00,-1.310283e+00, 1.569422e+00,-1.153843e-01,-1.390644e+00,-1.392824e-01,-6.919328e-02, 3.576104e-02, 6.779055e-01,-1.826203e+00, 7.494207e-01, 2.649095e-01, 3.406627e-01,-1.181082e+00
 1.162965e+00, 3.075666e-01, 1.801725e+00, 1.134965e+00, 2.260216e+00, 5.389521e-01,-1.270808e+00,-2.123066e+00, 8.113090e-01,-7.203709e-01, 1.285831e+00,-7.345938e-01,-1.278189e+00,-3.518502e-01, 1.296536e+00,-9.983139e-02,-1.121444e+00,-1.519041e+00,-1.024755e+00,-2.426258e-01
-2.000165e+00,-1.106894e+00, 1.771542e+00, 1.111932e+00, 1.314696e+00,-1.819744e-01,-6.505557e-01,-2.080786e-01,-1.271268e+00, 3.300257e-03,-6.070723e-01,-2.777593e+00,-5.754077e-01,-9.437550e-01, 9.993642e-01, 1.294035e-01, 4.428291e-01,-5.041899e-03, 1.254052e+00,-3.721814e-01
-5.447907e-01, 3.476536e-01,-1.454691e+00,-8.707776e-01,-8.700233e-01, 8.917676e-01,-2.443166e+00,-3.127866e-01, 1.504676e+00, 9.873613e-01,-9.799319e-01,-3.228540e-01,-1.389644e+00, 3.673766e-01,-4.684709e-01, 4.154689e-01, 7.238918e-01,-2.441299e+00,-2.083134e+00,-5.605633e-01
-2.556707e-01,-8.732645e-01,-8.456543e-01, 2.107316e-01,-5.031300e-01, 1.329208e+00, 9.965486e-01,-1.058236e+00, 8.069871e-01, 9.535094e-01, 3.024279e-01,-1.035586e+00,-1.502593e+00,-1.865472e+00, 5.714856e-01, 1.311513e+00,-6.933037e-01, 2.988809e-01, 2.357484e-01,-1.003996e+00
-1.661210e-01, 7.730312e-02,-1.250480e+00, 6.939565e-02, 6.074556e-01,-1.034661e-01, 5.113528e-03, 4.172236e-01, 6.457698e-02,-1.708701e+00,-2.568970e-01, 5.475265e-02, 9.312537e-01, 1.105539e-01, 4.233691e-01,-1.655708e+00, 2.940328e-01,-2.265439e+00,-5.125241e-01, 8.839129e-01
 1.020464e+00,-2.968686e-01, 6.672881e-01,-1.662649e+00,-1.004142e-02, 6.150646e-01, 7.910248e-01,-3.154515e-01, 1.344054e+00, 2.933988e-01,-1.068193e+00, 1.543685e+00,-2.911291e-01,-4.866299e-01, 1.571943e+00,-5.555189e-01, 6.536408e-01,-4.206760e-01, 6.765718e-01, 1.935400e-01
 1.362219e-01,-1.183242e+00,-1.290770e+00, 8.108400e-01, 2.753303e-01,-1.799772e+00,-5.631915e-01, 8.255491e-01, 5.418978e-01,-1.149002e+00,-2.531388e+00, 9.644463e-01, 6.771698e-01, 1.197532e+00, 2.402566e-01,-1.639797e+00,-5.655049e-01,-1.220258e-01,-1.097500e+00,-1.523905e+00
 4.071676e-01, 1.129269e-02,-2.035004e+00,-1.912346e+00,-1.312299e+00,-2.627051e-01, 2.138262e-01, 1.291272e+00,-1.540650e-01,-1.752939e-01,-4.509272e-01,-1.832303e+00,-6.267704e-01, 1.512832e+00, 3.164227e-01, 2.889306e-01, 2.199482e-01,-3.792042e-01, 1.102339e+00,-2.951230e-01
