0,1,2,3,4,5,6,7,8,9,10,11,12,13,14,15,16,17,18,19
10.0,10.0,10.0,10.0,10.0,10.0,10.0,10.0,10.0,10.0,10.0,10.0,10.0,10.0,10.0,10.0,10.0,10.0,10.0,10.0
9.8653,10.1277,10.0369,9.8132,9.9286,10.2115,9.7,9.9473,10.162,9.8926,9.916,9.9893,10.1909,9.921,9.9454,9.9466,10.283,10.2806,10.1285,10.05
9.9586,10.3209,9.9204,9.9608,9.7741,10.1309,9.8127,9.771,10.1453,9.7869,9.8853,9.6443,9.9671,9.8351,10.0635,9.9261,10.2846,10.3713,10.0181,10.0871
9.8592,10.0999,9.8729,10.0343,9.8171,10.1306,10.1142,9.8231,10.2724,10.068,9.7266,9.5201,10.1897,9.7379,10.0685,10.0619,10.4019,10.6044,10.2099,10.2252
9.7649,10.2027,9.9132,9.8692,9.9951,10.2354,10.1212,9.7955,10.1197,10.0946,9.7853,9.422,10.3413,9.6053,9.8039,10.1958,10.3504,10.5889,10.1039,10.0216
9.9217,10.1158,10.1241,9.9713,9.9567,10.0975,10.0294,9.6481,10.3905,10.1167,9.9294,9.2739,10.3661,9.7501,9.7637,10.3303,10.2112,10.4098,10.1535,9.975
10.0035,9.868,10.2165,10.3043,9.9548,10.1031,10.0533,9.4256,10.4477,9.9153,9.8772,9.4214,10.2718,9.813,9.8903,10.3679,10.0375,10.3675,10.4085,9.7249
9.97,9.8008,10.2333,10.4031,10.1599,10.0699,10.1579,9.4862,10.5116,9.8463,9.755,9.2928,10.1756,9.854,9.9868,10.4115,9.9695,10.6074,10.6109,9.6828
9.8683,9.818,10.3993,10.4481,10.2326,10.0443,10.2177,9.6738,10.4811,9.8652,9.7874,9.3272,9.9973,9.6249,9.8605,10.4348,10.0405,10.5379,10.7979,9.6665
9.872,9.7952,10.4181,10.5425,10.32,9.9324,10.417,9.5424,10.4928,9.8324,9.6601,9.3195,9.9056,9.6349,9.9118,10.6313,10.0807,10.4583,10.746,9.6847
9.8848,9.9782,10.6041,10.4962,10.2501,9.6187,10.3464,9.4266,10.4473,9.8822,9.6828,9.3171,9.9318,9.6207,9.9377,10.2085,10.0477,10.445,10.7012,9.6593
9.9739,9.9045,10.9035,10.5889,10.2505,9.5948,10.3364,9.3197,10.436,9.9181,9.7549,9.3865,9.8986,9.4517,9.8554,10.4192,10.163,10.495,10.6003,9.6609
9.8185,9.837,10.8712,10.542,10.376,9.4259,10.2255,9.1607,10.2758,9.9348,9.5613,9.4772,9.869,9.4611,9.8967,10.3636,10.2973,10.4706,10.6812,9.6378
9.8558,9.8729,10.9068,10.4146,10.4344,9.3893,10.3083,8.9167,10.0891,9.9816,9.7896,9.5786,9.7857,9.2626,9.991,10.3543,10.3755,10.487,10.6865,10.005
9.8562,9.8543,10.8914,10.3395,10.5667,9.3486,10.3925,8.9498,10.2464,10.0358,9.6422,9.4209,9.9621,9.1929,9.8273,10.2685,10.5434,10.3023,10.5717,9.9225
9.7032,9.7095,10.6863,10.2809,10.5208,9.2697,10.1794,9.0933,10.0775,10.0722,9.5136,9.5017,10.084,9.0929,9.5931,10.3602,10.7968,10.3576,10.5944,10.0267
9.7983,9.6098,10.5992,10.3616,10.5029,9.4258,10.0907,9.1808,10.1223,10.0574,9.6568,9.5846,9.9583,9.1677,9.7619,10.3444,10.7643,10.2718,10.5938,10.115
9.6991,9.4493,10.5504,10.1842,10.5737,9.3764,9.8711,9.1417,10.099,10.1156,9.6403,9.8141,9.8946,9.1616,9.7504,10.3089,10.7849,10.3433,10.7755,9.9181
9.6381,9.3972,10.6771,10.1398,10.3254,9.3879,9.8681,9.1635,9.9687,10.3383,9.6022,9.792,9.7842,9.0558,9.6025,10.2591,10.6569,10.6161,10.5234,9.7793
9.5906,9.4784,10.6228,10.2277,10.1991,9.396,10.0885,9.0535,10.0227,10.3666,9.3347,9.7208,9.9258,9.0723,9.4581,10.35,10.594,10.6656,10.5747,9.6436
9.6876,9.36,10.4508,10.1158,10.1559,9.4101,9.992,9.14,10.0557,10.2774,9.441,9.8652,9.9147,9.0488,9.2502,10.2983,10.5564,10.6999,10.5536,9.6744
9.8779,9.2988,10.3875,9.9515,10.156,9.5278,9.7751,9.0647,10.0614,10.3893,9.4878,9.9069,9.8879,9.105,9.3702,10.0801,10.655,10.6879,10.4846,9.3823
9.7087,9.501,10.2991,9.8176,10.099,9.4399,9.7916,9.2407,9.9885,10.4108,9.3527,10.0997,9.9126,8.9828,9.4787,10.2349,10.678,10.4706,10.7244,9.4202
9.8541,9.4364,10.2487,9.8324,10.2428,9.458,9.639,9.2724,10.1969,10.4207,9.3691,9.9415,9.7401,8.912,9.4409,10.2495,10.7016,10.6854,10.7336,9.5485
9.8504,9.6114,10.0112,9.7597,10.3717,9.4387,9.7539,9.3186,10.3204,10.5027,9.4501,10.1314,9.8631,9.0254,9.4445,10.1759,10.6143,10.7882,10.4101,9.3936
9.7328,9.5826,9.6859,9.9169,10.4517,9.6788,9.8865,9.4414,10.6185,10.4287,9.2739,10.103,9.7623,8.9973,9.3215,10.2501,10.6844,10.7859,10.4523,9.378
9.8266,9.5922,9.6547,10.0349,10.6203,9.8445,9.7651,9.3792,10.3945,10.3986,9.3237,10.0873,10.0039,8.9525,9.1956,10.325,10.7059,10.8621,10.4936,9.4079
9.5685,9.5059,9.5843,9.9922,10.5617,9.897,9.8405,9.2475,10.4861,10.4769,9.3797,9.9099,10.0607,8.9629,9.3087,10.5611,10.9235,10.8788,10.4946,9.4842
9.4361,9.3349,9.5285,10.1482,10.519,10.0874,9.5019,9.0655,10.471,10.596,9.3726,9.8991,10.0465,8.767,9.4466,10.4718,11.0758,10.8705,10.638,9.5265
9.4246,9.3627,9.3545,10.1502,10.7502,10.2562,9.3858,9.1246,10.5051,10.707,9.3848,9.8712,10.2176,8.792,9.5984,10.6024,11.032,10.8489,10.9012,9.5506
9.336,9.2233,9.4711,10.1719,10.6447,10.345,9.4059,8.9367,10.5845,10.8896,9.6936,9.8767,10.2488,8.9729,9.62,10.6406,10.946,10.6613,11.0285,9.3997
9.4723,9.1332,9.5039,10.1256,10.8047,10.3855,9.6421,8.8166,10.6411,10.8974,9.729,10.0785,10.3259,8.8451,9.686,10.5862,10.8822,10.8039,10.9465,9.356
9.4773,9.2438,9.575,10.0969,10.769,10.236,9.5513,8.7452,10.6224,11.175,9.6477,10.0422,10.0635,8.9134,9.4965,10.4673,11.0273,10.5225,10.961,9.452
9.6623,9.1384,9.5011,10.3303,10.7669,10.1427,9.4665,8.6398,10.565,11.3306,9.7574,9.8959,10.0919,8.8694,9.5917,10.4479,11.0804,10.5027,10.6644,9.4587
9.5099,9.2259,9.4212,10.2531,10.7669,10.218,9.4474,8.8214,10.788,11.5795,9.7298,9.7141,10.2495,8.824,9.5975,10.5322,10.8599,10.7218,10.7839,9.5019
9.6184,9.292,9.4362,10.2146,10.6684,10.2563,9.4916,8.9437,10.8166,11.4571,9.5396,9.6996,10.2472,8.8142,9.4153,10.677,11.009,10.6124,10.8952,9.6178
9.6242,9.1827,9.6311,10.265,10.636,10.3579,9.6888,8.8889,10.9125,11.7424,9.4075,9.6339,10.1715,8.7977,9.3916,10.7188,10.8971,10.5307,10.938,9.6378
9.7319,9.2313,9.7264,10.1194,10.586,10.6032,9.7379,8.9741,10.9514,11.8069,9.3813,10.0785,10.122,8.7945,9.1101,10.8706,10.8228,10.5239,10.8667,9.6221
9.6983,9.2274,9.7211,10.101,10.5649,10.7807,9.8478,9.0761,10.8521,11.9968,9.5171,10.0096,10.3195,8.7201,8.9022,11.0238,10.8078,10.6555,10.7653,9.4715
9.8511,9.0663,9.5329,9.8601,10.2006,10.6418,9.5835,9.0731,10.5519,11.8339,9.802,10.0545,10.3276,8.5449,8.8757,11.0318,10.5927,10.6737,10.9293,9.4311
9.8279,8.8371,9.3674,9.9935,10.1172,10.5191,9.5013,9.0676,10.4002,11.8542,9.6367,10.1542,10.1922,8.6892,8.8756,10.9162,10.7163,10.4917,10.8556,9.4322
9.814,8.6173,9.2605,10.0159,9.9515,10.6896,9.5619,9.0101,10.3726,12.137,9.7521,10.2042,10.0132,8.8705,8.9952,10.8971,10.6437,10.4682,10.6937,9.3776
9.91,8.4242,9.225,10.0315,9.9657,10.5332,9.4217,9.1357,10.215,12.2937,9.6942,10.3452,9.9614,8.7422,9.0939,10.896,10.841,10.5878,10.6641,9.3257
9.9141,8.4455,9.1242,10.1397,9.9171,10.4785,9.3588,9.1634,10.1276,12.3161,10.0393,10.3394,9.9083,8.5614,9.1007,10.7461,10.7911,10.6093,10.4353,9.3453
9.9534,8.3096,9.0803,9.9096,10.1171,10.5235,9.3388,9.1456,10.2742,12.3029,10.0824,10.5404,9.8663,8.4454,9.0077,10.9425,10.8048,10.5436,10.5653,9.4647
9.8951,8.2094,8.9035,9.6893,10.0846,10.4069,9.5612,9.1535,10.027,12.5263,10.1042,10.6357,9.9526,8.478,9.0684,10.9768,10.6565,10.5937,10.7038,9.4408
9.9653,8.2539,9.1106,9.6597,10.0488,10.3929,9.55,8.8962,9.9474,12.5752,10.1043,10.5304,9.8708,8.4411,8.9783,10.9074,10.5856,10.7151,10.843,9.5536
10.0202,8.1815,9.2225,9.6227,10.0529,10.5708,9.5613,8.925,9.773,12.6541,9.9815,10.6668,9.8491,8.2076,8.939,10.8774,10.6518,10.8073,10.7996,9.6775
9.6294,8.1092,9.0952,9.4729,10.1764,10.6831,9.4694,9.0595,9.7867,12.5886,9.8959,10.5639,9.9091,8.2761,8.967,10.6013,10.6929,10.8859,10.7102,9.6839
9.407,7.9855,9.0592,9.4372,10.2228,10.5258,9.4299,9.0049,9.8532,12.8175,10.114,10.3585,9.9043,8.1619,8.9607,10.6592,10.7052,10.8805,10.9135,9.7734
9.3759,7.9889,9.1603,9.5111,10.1694,10.2942,9.2913,9.0225,9.6351,12.7944,10.0576,10.4909,9.7423,7.9666,8.9145,10.746,10.8518,10.7578,10.9797,9.6387
9.2889,8.0472,9.2446,9.3932,10.2316,10.0559,9.2687,8.8955,9.5386,12.5919,10.1292,10.5657,9.659,8.0053,8.945,10.73,11.1522,10.6457,10.983,9.5935
9.2466,8.0643,9.2115,9.293,10.2489,10.208,9.3806,8.9194,9.4518,12.623,10.2698,10.7267,9.704,7.9696,8.9232,10.8361,11.2504,10.4138,11.0758,9.681
9.1449,7.9879,9.1251,9.2148,10.0688,10.2496,9.2893,8.9125,9.3938,12.6651,10.1411,10.7612,9.7529,8.0541,9.1483,10.5555,11.2972,10.3224,10.8117,9.7854
9.3008,7.9495,9.1505,9.2085,10.1252,10.3652,9.3308,8.9525,9.5453,12.6404,10.2609,10.6516,9.9536,8.1303,9.103,10.2792,11.2985,10.171,10.8539,9.9671
9.3207,7.9327,9.1911,9.2428,9.8294,10.3979,9.4052,8.9244,9.6648,12.6216,10.3618,10.9623,9.9427,7.9347,9.0655,10.0593,11.3872,10.3414,10.9508,10.0086
9.2464,8.0927,9.2799,9.2771,9.856,10.4138,9.46,8.8567,9.8535,12.6473,10.4417,10.9039,9.991,7.7107,8.9398,10.0565,11.2004,10.6655,10.7243,10.0535
9.4424,8.1429,9.2448,9.2139,9.9411,10.3105,9.4469,8.9353,9.8165,12.6628,10.403,10.7728,10.143,7.8482,8.9052,10.0241,11.1767,10.7394,10.6039,10.0435
9.4749,8.21,8.9276,9.2619,9.9857,10.4435,9.3856,8.8782,9.9676,12.4173,10.62,11.1267,10.2054,7.9301,8.7407,9.938,11.328,10.7898,10.581,10.0742
9.5367,8.1807,8.9254,9.2588,9.8554,10.4874,9.6025,9.0751,9.7851,12.5084,10.712,11.0706,10.0834,7.8001,8.6929,9.9831,11.3068,10.7083,10.417,10.12
9.6669,8.0867,8.977,9.0432,9.7752,10.5855,9.4693,9.0073,9.9626,12.3949,10.5986,11.1525,10.336,7.7775,8.7785,10.155,11.3546,10.6732,10.3039,9.9411
9.8044,8.1061,9.1301,9.1576,9.7007,10.4297,9.5198,8.9369,10.0112,12.2827,10.4855,11.134,10.4596,7.8086,8.9109,9.9996,11.2057,10.6625,10.5901,10.0271
9.6747,8.0993,9.1566,9.0934,9.7771,10.4104,9.4851,9.081,9.799,12.1362,10.3793,11.0171,10.3653,7.8577,9.0359,10.1169,11.064,10.6494,10.6519,10.0587
9.8364,8.0316,9.1758,9.0495,9.8092,10.2711,9.3759,8.9989,9.7309,12.3767,10.5354,10.9889,10.3891,7.7023,9.0166,10.1384,11.2262,10.6946,10.7114,10.0977
9.8709,7.8925,9.1288,9.2157,9.9128,10.3364,9.3849,9.0751,9.6168,12.1342,10.4861,11.065,10.4045,7.8023,9.0577,10.1454,11.4169,10.8495,10.6995,9.9595
9.7599,7.8774,9.0878,9.4113,9.7063,10.3293,9.2607,9.0895,9.6644,12.0739,10.5577,11.0386,10.3822,7.7622,9.1334,10.1643,11.6468,11.0258,10.7757,9.6934
9.5802,7.9768,9.0346,9.4403,9.6307,10.3982,9.3743,8.9531,9.567,11.8249,10.59,10.8107,10.3357,7.8142,9.3744,10.2128,11.8336,11.0632,10.819,9.6688
9.5352,8.0967,9.0784,9.4815,9.5583,10.3543,9.6228,8.9466,9.7294,11.749,10.6988,10.8515,10.2845,7.8792,9.195,10.2882,11.9529,11.1027,11.0005,9.6617
9.5184,8.134,9.1793,9.551,9.5322,10.2265,9.7048,8.8591,9.6307,11.6539,10.7078,10.7445,10.1396,7.815,9.1749,10.3485,11.9644,10.9538,11.0336,9.7022
9.4651,8.0537,9.0887,9.4883,9.803,10.1138,9.7385,8.7808,9.5707,11.5521,10.8177,10.7972,10.1243,7.8656,9.2623,10.2394,12.0487,10.8566,11.152,9.7943
9.5145,8.0334,9.0297,9.458,9.8996,10.0284,9.7458,8.5906,9.6032,11.4037,10.6408,10.8693,10.1523,7.8227,9.2282,10.5379,12.0206,10.8304,11.2454,9.8062
9.6348,8.0625,9.1178,9.5121,9.9816,10.0242,9.7743,8.5623,9.6778,11.2133,10.7399,11.0082,10.2489,7.8134,9.2883,10.4365,12.1495,10.6827,11.3311,9.8734
9.6854,8.0182,9.2066,9.2955,10.0811,10.0496,9.9057,8.5849,9.9057,11.0823,10.824,10.8873,10.2338,7.8878,9.3628,10.7148,12.0973,10.8585,11.2962,9.7878
9.4905,8.0356,9.1475,9.3964,10.0154,9.9906,9.9513,8.7742,9.7719,11.2266,10.9451,10.8583,10.3225,7.8605,9.6479,10.701,12.111,10.8153,11.0591,9.7565
9.5195,8.1899,9.2054,9.3752,10.0241,10.0331,9.9051,8.851,9.9752,11.1767,11.1142,10.9801,10.3938,7.8725,9.6902,10.673,12.396,10.7191,11.2197,9.9501
9.4819,8.3121,9.2232,9.3837,10.0159,9.8324,9.9749,9.0145,9.8882,11.298,11.1036,10.8313,10.5266,8.0425,9.5949,10.7033,12.1747,10.7147,11.29,10.1735
9.671,8.4869,9.1633,9.3558,9.8092,9.7453,9.7952,9.0572,9.803,11.1437,11.0554,10.6721,10.5689,8.0724,9.558,10.6065,11.9724,10.7912,11.3239,10.2344
9.6349,8.4647,9.3324,9.2864,9.7718,9.8383,9.8339,8.8277,9.5978,11.0526,11.1842,10.7641,10.6396,8.1374,9.4431,10.6884,11.8356,10.9221,11.2526,10.272
9.4111,8.323,9.4626,9.3688,9.6242,10.0001,9.7008,8.831,9.5411,10.926,11.3513,10.9963,10.6648,8.2964,9.4108,10.7043,11.8566,10.7653,11.325,10.3655
9.3917,8.1485,9.5077,9.1928,9.5275,10.0179,9.6083,8.8603,9.5151,10.7052,11.3767,11.0792,10.8029,8.2591,9.4047,10.5058,12.1553,10.9727,11.3218,10.3504
9.0524,8.2564,9.5765,9.2885,9.4801,9.96,9.4611,8.9486,9.6675,10.8591,11.405,11.035,10.662,8.1874,9.4614,10.4694,12.4107,11.1345,11.2376,10.1943
8.9911,8.369,9.5146,9.3537,9.4138,10.0043,9.5254,9.0615,9.8449,11.0412,11.3304,11.0159,10.5068,8.1641,9.4654,10.4175,12.3337,11.2816,11.3682,10.2469
8.8486,8.3912,9.4698,9.5112,9.2036,9.9353,9.4563,9.0095,9.9655,10.72,11.3021,11.1359,10.6386,8.1088,9.3858,10.4643,12.3587,11.2928,10.8379,10.1036
8.7539,8.4605,9.3006,9.3877,9.1868,9.7766,9.5344,8.9662,10.1995,10.6366,11.2217,11.2507,10.5523,8.2657,9.4442,10.4256,12.3351,11.7072,10.9061,10.124
8.7404,8.5728,9.1254,9.3674,8.8657,9.7123,9.6379,9.1248,10.2789,10.724,10.983,11.1563,10.7515,8.2123,9.4291,10.3215,12.1923,11.6394,10.8169,10.2481
8.7651,8.6846,8.9684,9.5143,8.8691,9.9412,9.6327,8.9558,10.4478,10.7068,10.6905,11.1781,10.7841,8.3254,9.0135,10.4733,12.1211,11.9267,10.5865,10.32
8.8118,8.6395,8.8825,9.4708,8.8315,9.7866,9.7551,8.8345,10.5847,10.4694,10.6679,11.1566,10.7833,8.4273,8.9916,10.4142,12.0921,12.0765,10.4282,10.1893
8.5982,8.8641,8.7547,9.2495,8.743,9.7125,9.9381,8.7839,10.6249,10.2371,10.6972,10.9285,10.742,8.348,8.9993,10.4991,11.8917,11.9062,10.4549,10.2792
8.7542,8.8126,8.5927,9.2724,8.6569,9.6012,10.1172,8.8537,10.5291,10.2359,10.6869,10.9525,10.6885,8.1515,8.8903,10.4302,11.8973,11.7464,10.4807,10.2311
8.6719,8.6737,8.6422,9.3232,8.7457,9.669,10.1982,8.8975,10.2997,10.2012,10.497,11.1444,10.6879,8.2839,8.7767,10.4193,11.9383,11.6989,10.5068,10.4252
8.5609,8.3912,8.8193,9.2318,8.8713,9.7499,10.1716,8.9413,10.1539,10.2134,10.5771,11.0376,10.6381,8.3176,8.9253,10.4202,11.8751,11.6787,10.6628,10.3425
8.5296,8.3256,8.7977,9.2578,8.9887,9.4935,10.2443,8.8425,10.2313,10.3754,10.7119,11.0609,10.7518,8.2203,8.9188,10.6228,11.759,11.7092,10.6145,10.3184
8.5743,8.2983,8.7984,9.2002,8.7854,9.5178,10.3024,8.9989,10.2155,10.1959,10.6119,11.1378,10.7416,8.2503,8.8803,10.8774,12.0193,11.5739,10.7381,10.3592
8.5768,8.2099,8.981,9.3374,8.6266,9.6863,10.2986,8.9324,10.0918,10.3193,10.6668,11.0171,10.6337,8.2111,8.8242,10.9512,12.0782,11.483,10.5174,10.1878
8.6724,8.1086,8.9947,9.1333,8.6709,9.9246,10.129,8.9956,10.1277,10.4405,10.6504,11.0563,10.6594,8.2715,8.7324,10.9791,12.2036,11.6546,10.5846,10.0447
8.5053,8.1515,8.8818,9.2321,8.6406,10.0531,10.4052,8.9896,10.1141,10.576,10.7954,11.2973,10.6871,8.2068,8.7343,10.8945,12.242,11.5292,10.7068,10.1346
8.5212,8.1551,8.8609,9.3871,8.7719,10.0727,10.2947,8.8583,10.1521,10.4925,10.8616,11.2437,10.793,8.2293,8.8459,10.5934,12.2084,11.8571,10.3757,10.2439
8.5672,8.2892,8.8426,9.5301,8.9084,10.099,10.146,8.9619,10.0295,10.4756,10.9933,11.4008,10.7471,8.2955,8.6766,10.5318,12.438,12.061,10.4648,10.2269
8.6602,8.2878,8.8624,9.5419,8.8229,10.193,10.0114,9.051,9.9101,10.382,10.608,11.3798,10.774,8.3834,8.8222,10.3371,12.5948,11.9921,10.4565,10.2145
8.6123,8.1964,8.8947,9.641,8.685,10.1917,9.9335,9.1779,9.9731,10.5825,10.4043,11.5304,10.7974,8.3081,8.8778,10.5444,12.8535,12.1184,10.3279,10.2557
8.6506,8.3266,8.8773,9.6441,8.6148,10.279,9.9078,9.2006,9.9154,10.59,10.2649,11.5552,10.717,8.3827,9.0879,10.6586,12.6749,12.0651,10.1218,10.2587
8.4604,8.2025,9.0018,9.7504,8.4524,10.2225,9.967,9.2473,9.7154,10.6261,10.1878,11.7324,10.6913,8.4217,9.0765,10.7497,12.5543,12.1685,10.2784,10.4999
8.6319,8.1483,9.0686,9.8513,8.5164,10.3212,10.0216,9.1851,9.7419,10.7413,10.2484,11.5728,10.575,8.3794,9.0542,10.7723,12.4022,12.2925,10.0418,10.5714
8.6882,8.2156,8.7259,9.6864,8.4797,10.3443,10.0125,9.0925,9.9018,10.7865,10.1988,11.4311,10.5854,8.5143,9.0593,10.7693,12.4141,12.3127,10.0135,10.4438
8.8583,8.2829,8.9629,9.7485,8.456,10.223,9.9721,8.9624,10.1683,10.7855,10.3015,11.5719,10.7318,8.7931,9.0495,10.7459,12.4413,12.4308,10.0373,10.4098
8.7798,8.2034,8.9944,9.6277,8.2659,10.2391,10.1205,9.0385,10.1672,10.8417,10.0911,11.4731,10.9624,8.9264,8.9698,10.9874,12.3307,12.304,10.2347,10.5839
8.7159,8.1993,8.9569,9.6902,8.4318,10.3092,10.1072,8.8876,10.2685,10.6772,10.0686,11.6138,11.0763,9.0222,9.0502,11.0089,12.3793,12.3198,10.2983,10.6568
8.7316,8.2536,8.881,9.6539,8.4573,10.5633,10.176,8.8735,10.2413,10.7791,10.0574,11.7089,11.1493,8.8828,9.1054,11.075,12.5056,12.192,10.4425,10.6357
8.9542,8.4388,8.8142,9.49,8.533,10.456,10.3254,8.934,10.0567,10.8871,10.076,11.7712,11.3668,8.8693,9.1938,10.9931,12.417,12.16,10.3624,10.7134
8.8072,8.5285,8.7311,9.5364,8.4072,10.5204,10.4686,8.9362,10.256,10.8692,10.1296,11.6362,11.4311,8.8071,9.1118,11.2155,12.2213,12.1438,10.4571,10.7463
8.6056,8.5947,8.5818,9.4844,8.3824,10.1416,10.4559,9.0126,10.2353,10.8959,10.4236,11.8037,11.441,9.1,9.0402,11.2905,11.9824,12.2064,10.4437,10.7558
8.6469,8.6261,8.4676,9.4398,8.3841,9.9618,10.5634,9.23,10.2757,10.8249,10.1269,11.5811,11.4914,9.2469,9.0162,11.0822,11.853,12.1201,10.1937,10.7151
8.7457,8.4462,8.4091,9.2032,8.299,9.9444,10.7015,9.2843,10.1249,10.8391,10.0856,11.5806,11.4639,9.2846,9.0379,11.2052,11.8719,12.3824,10.2618,10.9178
8.8265,8.3759,8.5428,9.3427,8.005,9.8771,10.8991,9.4095,9.9415,10.9583,10.3087,11.6708,11.254,9.1945,9.0847,11.1761,12.066,12.4985,10.5201,11.0604
8.8892,8.3438,8.6964,9.3444,7.9031,9.8843,10.8878,9.2936,10.0469,10.9402,10.3614,11.5579,11.2321,9.2857,9.0575,11.1261,12.4041,12.5499,10.619,11.1662
8.9011,8.4005,8.5914,9.5176,8.0292,9.9092,10.8899,9.1507,10.1792,10.9064,10.4426,11.3514,11.3231,9.2664,9.06,10.9305,12.5122,12.4549,10.614,11.2813
8.8926,8.6144,8.4957,9.5476,8.0721,9.784,10.9032,9.1293,10.2094,10.9702,10.6294,11.3941,11.4028,9.4442,8.882,10.8959,12.5197,12.2146,10.6255,10.9527
8.973,8.4564,8.3638,9.612,7.9052,10.0416,10.9205,9.1192,10.3666,10.9605,10.663,11.373,11.3323,9.4896,8.942,10.7238,12.3829,12.115,10.6228,11.0018
9.2212,8.4868,8.3465,9.527,8.0049,10.0413,10.969,9.1202,10.44,11.0281,10.7146,11.375,11.347,9.5365,8.7289,10.7204,12.5384,12.0434,10.3479,10.8128
9.231,8.4111,8.3616,9.5259,7.9587,9.9274,10.9973,9.1293,10.425,11.1513,10.7431,11.2912,11.2972,9.5302,8.7435,10.9038,12.8094,11.9739,10.2171,10.7403
9.2811,8.5008,8.3197,9.418,7.9981,10.0069,11.143,9.0573,10.4695,10.9257,10.7301,11.3952,11.5117,9.5677,8.7179,10.7136,12.8479,12.071,10.3497,10.7746
9.1712,8.5613,8.4997,9.388,7.9186,9.9666,11.1424,8.9988,10.5644,10.9865,10.6862,11.3937,11.292,9.6077,8.5672,10.6775,12.7749,12.1436,10.2931,10.7695
9.3467,8.3947,8.5128,9.4919,7.8571,9.9704,10.9543,8.8193,10.6622,10.9426,10.5122,11.3273,11.3797,9.6758,8.6821,10.6112,12.6758,12.1958,10.4249,10.7201
9.4613,8.3605,8.7352,9.2896,8.0115,9.7853,11.1257,8.8299,10.6027,10.8193,10.3912,11.4264,11.4472,9.654,8.6802,10.4966,12.6562,12.3341,10.3076,10.792
9.4076,8.2021,8.8539,9.1312,7.9657,9.9191,11.0172,8.9364,10.5442,10.8079,10.6422,11.5925,11.461,9.5759,8.6842,10.7183,13.0089,12.2396,10.4981,10.5808
9.4787,8.2418,8.9719,9.037,7.9813,9.6903,10.9314,8.9356,10.5714,11.1961,10.5754,11.5969,11.2972,9.3521,8.784,10.8426,12.7869,11.9832,10.4156,10.8067
9.3038,8.3139,8.9878,9.0038,7.9217,9.7215,10.89,8.8918,10.545,11.3554,10.605,11.6084,11.4971,9.3217,8.9451,10.7519,12.8743,11.936,10.4078,10.7207
9.2703,8.2418,9.0346,8.9118,7.9763,10.0144,10.68,8.631,10.4158,11.4636,10.5117,11.6945,11.6368,9.2933,9.0465,10.4501,13.0119,12.0582,10.396,10.8584
9.4413,8.446,9.2594,8.9191,7.9631,10.0057,10.3273,8.7083,10.73,11.547,10.3263,11.5503,11.5014,9.4905,9.105,10.5357,13.0716,11.8919,10.2744,10.9532
9.4526,8.2516,9.3527,9.0808,7.9647,9.9672,10.5078,8.6879,10.6486,11.3267,10.2638,11.8266,11.6727,9.5059,9.1054,10.6691,13.09,11.7055,10.2943,10.9788
9.4553,8.2794,9.2725,9.0996,7.8064,9.8534,10.4768,8.7551,10.61,11.391,10.3982,12.1942,11.631,9.4303,9.1109,10.6971,13.1819,11.8273,10.2589,11.0811
9.4662,8.4094,9.2411,9.1168,7.8339,9.9962,10.4776,8.6426,10.387,11.5418,10.4836,12.4537,11.646,9.4417,9.1326,10.6264,13.0671,11.8943,10.4139,11.1671
9.4101,8.4555,9.2627,9.0534,7.7151,9.8933,10.6378,8.6713,10.3088,11.5543,10.5659,12.3707,11.5356,9.2338,9.2598,10.7067,13.1793,11.9802,10.1525,11.1838
9.4648,8.4641,8.9934,9.0403,7.691,10.0247,10.6252,8.6156,10.2426,11.6614,10.6571,12.3389,11.4792,8.971,9.0258,10.5958,13.157,11.8628,9.9618,11.18
9.4633,8.6059,8.9539,9.0147,7.6228,10.3602,10.7131,8.5272,9.9927,11.4749,10.5356,12.1304,11.4634,8.8578,8.8461,10.6825,12.9056,11.4886,10.0814,11.4364
9.4692,8.6816,9.0311,9.2873,7.5292,10.3024,10.6553,8.5341,9.9678,11.4644,10.5558,12.438,11.5044,8.9519,8.9219,10.7319,12.8639,11.6071,9.8626,11.6618
9.5503,8.6937,9.0307,9.3141,7.6076,10.3639,10.8414,8.7215,10.1074,11.2523,10.488,12.5936,11.8187,8.887,8.9907,10.9005,12.8826,11.4317,10.1098,11.5363
9.4628,8.7242,9.0381,9.2082,7.7709,10.4333,10.9671,8.7178,10.1077,11.4428,10.4207,12.5387,11.8898,8.9899,9.0952,10.7732,12.7095,11.3115,10.2242,11.6667
9.5023,8.7579,8.853,9.2464,7.6193,10.5437,10.925,8.7455,10.0818,11.4326,10.2767,12.5135,11.8818,9.0144,9.1589,10.8398,12.7542,11.2203,10.0594,11.5217
9.406,8.8528,8.9749,9.1552,7.5097,10.3315,10.8407,8.7924,9.9457,11.6061,10.3255,12.6842,11.7645,9.0968,9.0328,10.936,12.9894,11.425,9.9935,11.3957
9.3875,9.0309,8.8232,8.9833,7.3195,10.3451,10.6124,8.9264,10.1547,11.5875,10.6429,12.7231,11.6913,9.0383,9.1985,11.0471,12.6629,11.1589,9.8113,11.3123
9.2362,8.9454,8.7333,8.8585,7.5185,10.5329,10.8543,9.1183,10.1468,11.605,10.5205,12.7485,11.5463,8.8587,9.1111,11.1705,12.6799,11.2453,9.8146,11.1834
9.298,8.9571,8.8803,9.0121,7.4913,10.5503,10.7339,9.0211,10.0746,11.6786,10.453,13.0006,11.6167,8.8298,9.2296,11.0689,12.5788,11.4392,9.6555,11.1637
9.2547,8.8758,8.9924,9.1116,7.5564,10.5546,10.8223,8.7974,10.0246,11.6855,10.3769,13.0327,11.9721,8.8434,9.2786,11.0985,12.3919,11.2281,9.4615,11.2046
9.021,8.949,8.9706,9.1647,7.4321,10.7644,10.8155,8.5911,10.1828,11.5009,10.2195,12.839,11.9268,8.9102,9.3452,11.4581,12.2902,11.165,9.3015,11.0522
9.1504,8.8935,9.0228,9.1695,7.3352,10.6545,10.5643,8.5702,10.1941,11.4583,10.3495,12.628,11.9353,8.7992,9.3913,11.3307,12.4182,11.2563,9.3417,11.0895
9.1845,8.932,9.0846,9.1297,7.2333,10.6499,10.634,8.6266,10.42,11.3878,10.1684,12.5431,11.8733,8.7115,9.2702,11.3126,12.4088,11.1114,9.209,11.1426
9.2403,8.8414,9.066,9.1881,7.246,10.8629,10.457,8.4601,10.5166,11.4395,10.0996,12.7177,11.7786,8.7689,9.2504,11.204,12.3442,11.2779,9.1654,11.3577
9.2595,8.8143,8.9531,9.2679,7.2658,10.8535,10.4714,8.4482,10.3605,11.5356,10.3399,12.9942,11.7957,8.742,9.2613,11.118,12.3895,11.3326,9.0286,11.3121
9.3632,8.9159,8.8133,9.3978,7.2405,10.8511,10.4511,8.2271,10.4168,11.3055,10.4499,12.7843,11.9557,8.7685,9.3337,11.0193,12.1117,11.1948,9.0663,11.3788
9.2633,9.0671,8.8122,9.2067,7.266,10.7473,10.5612,8.2515,10.4378,11.2658,10.6001,12.6402,12.0079,8.7742,9.2141,11.0102,11.9696,11.4876,9.1842,11.1483
9.212,9.1381,8.9446,9.3095,7.4433,10.7666,10.7344,8.1328,10.5542,11.2374,10.5818,12.8636,12.1568,8.7567,9.5163,11.1875,11.9046,11.1436,9.2175,11.0948
9.1407,9.0823,8.9629,9.4661,7.3528,10.7584,10.7085,8.0498,10.5929,11.4925,10.6655,12.8766,12.0912,8.7629,9.3137,11.1804,11.8771,11.2122,9.3294,11.2008
9.1266,9.0244,8.8934,9.3745,7.297,10.743,10.5464,8.0958,10.5797,11.3736,10.5811,13.015,12.2312,9.0317,9.3816,11.0869,11.771,11.2686,9.4257,11.4026
9.0277,9.0369,8.7653,9.4206,7.2052,10.9431,10.4447,8.1592,10.6011,11.382,10.3445,13.0016,12.0826,8.9664,9.4407,11.4744,12.0574,11.3435,9.4727,11.3537
8.9156,9.0886,8.7173,9.6325,7.4036,11.2435,10.3627,8.1082,10.4419,11.4767,10.2349,12.9046,11.9497,8.9048,9.6406,11.1247,12.139,11.2302,9.7578,11.4741
8.8029,9.02,8.656,9.7743,7.5643,11.2666,10.3452,8.2165,10.4467,11.5459,10.2647,12.7786,12.1581,8.8397,9.88,11.2926,12.1701,11.0569,9.9672,11.5211
8.9037,9.1905,8.5357,9.8203,7.5293,11.3134,10.4062,8.047,10.418,11.5604,10.1052,12.6623,12.1787,8.9175,9.8629,11.195,12.0185,11.0086,9.8685,11.6092
8.9331,9.1166,8.5613,10.1142,7.602,11.3511,10.5019,8.1772,10.2214,11.4998,10.0282,12.5612,12.5089,8.9761,10.0038,11.2386,12.4441,10.7346,9.8097,11.5464
8.895,9.2233,8.5721,10.1986,7.7034,11.3848,10.6,8.1329,10.1399,11.3735,10.04,12.4126,12.3429,9.0511,9.8884,11.3206,12.3952,10.6579,9.9238,11.693
8.9201,9.3898,8.3934,10.3397,7.6266,11.3531,10.6493,8.0631,10.1357,11.3139,10.0125,12.7476,12.059,9.0278,9.9386,11.1616,12.3704,10.6999,9.97,11.8163
9.0453,9.3519,8.4036,10.1576,7.6225,11.1487,10.652,8.1482,10.1898,11.3282,10.116,12.9224,11.9352,9.1648,9.8455,11.1005,12.4856,10.7251,9.9683,11.8434
9.1973,9.361,8.4839,10.2514,7.8266,11.3461,10.7482,8.2233,10.2127,11.3064,10.1156,12.9279,11.8692,9.1182,9.8388,11.0565,12.4566,10.7039,10.0839,11.9637
9.318,9.5101,8.4083,10.2564,7.8573,11.4108,10.8192,8.3728,10.1435,11.3407,9.9629,12.9975,11.6349,9.1608,9.995,11.1448,12.2922,10.6012,10.1638,11.9482
9.0668,9.6826,8.429,10.0745,7.8815,11.7351,10.8005,8.3568,10.0631,11.4349,9.9957,13.1327,11.5303,9.2464,9.8489,11.2161,12.1717,10.6076,9.9673,11.9644
9.0656,9.499,8.6159,10.155,7.7749,11.5884,10.768,8.2982,10.0525,11.1281,10.2123,13.0161,11.7092,9.228,10.1586,11.3395,12.3372,10.7699,9.979,11.9885
9.0524,9.5435,8.6251,10.2027,7.6985,11.5291,10.8447,8.3014,10.1153,11.2239,10.3284,13.0989,11.6763,9.129,10.3091,11.2423,12.3386,10.9929,9.881,11.9489
9.067,9.3322,8.5108,10.366,7.7434,11.6511,10.881,8.1006,9.9875,10.9148,10.4135,13.5555,11.4494,9.2542,10.4529,11.2701,12.1289,10.8748,9.6338,11.9314
9.0929,9.4305,8.4899,10.2571,7.6773,11.6331,10.9237,8.2448,10.2496,10.915,10.2743,13.7686,11.8256,9.1678,10.3888,11.2544,12.1337,10.7838,9.4681,12.0252
9.0785,9.5668,8.5493,10.391,7.6843,11.7378,10.8254,8.2982,10.3822,11.1005,10.2375,13.8748,12.0234,8.9909,10.3435,11.339,12.092,10.6967,9.5222,11.9565
9.0889,9.3839,8.5011,10.4305,7.6766,11.7343,10.8716,8.4156,10.3531,11.1002,10.2499,13.7951,11.908,9.0894,10.1958,11.4272,12.0632,10.6537,9.5637,12.0314
8.9731,9.3821,8.4559,10.3361,7.4788,11.8634,10.9967,8.2948,10.3415,10.9327,10.2062,13.6874,12.1148,8.9356,9.9706,11.3786,12.0211,10.9224,9.474,12.259
9.0317,9.5809,8.4868,10.1297,7.3931,11.9471,10.8764,8.5498,10.1075,10.848,10.2684,13.6929,12.0447,9.1014,9.9815,11.5357,11.9594,11.0682,9.5031,12.0129
8.896,9.7195,8.4881,10.2783,7.4622,11.7814,10.7158,8.5398,10.1303,10.7547,10.3359,13.6576,11.9318,9.1318,9.9022,11.3281,12.2001,10.7985,9.3079,12.1405
8.9266,9.6514,8.6993,10.2285,7.4525,11.7851,10.8001,8.6155,10.3069,10.6928,10.3312,13.6078,11.7351,9.0951,9.9449,11.3458,12.423,10.8269,9.1935,12.0633
8.8363,9.5797,8.6906,10.3285,7.5349,11.6517,10.8588,8.6091,10.2626,10.6044,10.2371,13.5185,11.8918,9.2046,10.0507,11.0266,12.6207,10.8697,9.2955,12.0388
8.858,9.7433,8.8034,10.2097,7.4608,11.7192,10.8872,8.5142,10.2563,10.515,10.3139,13.9132,11.758,9.2572,10.1053,11.0,12.5624,10.8238,9.1267,11.7443
8.7633,9.6707,8.8876,10.0703,7.4126,11.88,10.9982,8.5667,10.4013,10.874,10.3021,14.0222,11.7403,9.237,9.9928,11.2384,12.5945,11.0363,9.172,11.6183
8.7664,9.7511,8.9131,9.8436,7.4151,11.8236,10.9423,8.4212,10.653,11.0109,10.1965,13.9845,11.9344,9.0508,10.1944,11.2912,12.6717,11.0153,9.2242,11.9098
8.7796,9.6682,8.8556,9.9752,7.442,11.8602,10.8682,8.5734,10.6718,10.9008,9.9754,13.7721,11.9973,8.952,9.9381,11.1736,12.6496,11.0992,8.9356,11.9036
8.8808,9.5643,8.7926,10.0017,7.3504,11.7257,10.8536,8.5936,10.7507,10.9043,9.9769,13.817,11.8673,8.7196,9.827,11.1066,12.5213,10.9425,9.0571,11.781
8.8408,9.635,8.8424,9.9115,7.2694,11.7172,10.7606,8.5805,10.6359,10.9629,9.802,13.7816,11.9124,8.7528,10.1321,11.0759,12.5456,10.9309,9.2782,11.9329
9.0596,9.5665,8.8619,9.9191,7.1656,11.7695,10.6287,8.6962,10.6092,10.7561,9.7343,13.7914,12.1788,8.8501,10.1452,11.2001,12.5743,10.8104,9.3277,12.0644
9.4158,9.6035,8.8093,10.0373,7.229,12.0078,10.7309,8.5119,10.6023,10.9335,9.9474,13.6493,12.1471,8.9245,10.0942,11.1652,12.7208,10.9507,9.464,12.1428
9.2979,9.588,8.7017,9.9744,7.2824,12.0343,11.0352,8.5413,10.6583,10.931,10.0458,13.9405,12.1746,9.0986,10.083,11.3191,12.7097,10.9378,9.2271,11.8718
9.2848,9.6806,8.698,9.8701,7.1958,12.1504,10.8953,8.6327,10.7536,11.1405,10.3634,13.8982,12.1585,9.2669,10.0783,11.0998,12.5889,10.9926,9.0882,12.1791
9.4394,9.5689,8.6063,9.8883,7.1583,12.1362,10.9904,8.6124,10.95,11.2642,10.499,13.6993,11.9424,9.2659,10.3096,11.2725,12.7091,11.1679,8.9632,11.9615
9.5964,9.4971,8.5208,9.9656,7.1368,12.119,11.0392,8.6325,10.7291,11.1992,10.5965,13.5829,11.8955,9.2332,9.9846,11.2883,12.6131,11.2519,8.9937,11.8437
9.6542,9.4403,8.4483,9.785,7.1772,12.0973,10.969,8.4648,10.8801,11.1607,10.6433,13.6369,11.6929,9.3146,9.9537,11.2609,12.3099,11.4286,9.0064,11.8129
9.5712,9.4345,8.5176,9.776,7.2209,11.9331,10.72,8.3831,10.8322,11.017,10.6349,13.5924,11.4198,9.4028,9.9265,11.0996,12.0779,11.7629,8.9518,11.5014
9.3982,9.4451,8.4395,9.7468,7.2177,11.9295,10.716,8.3653,11.0561,10.9686,10.7854,13.6296,11.5593,9.4704,10.0711,11.462,12.0668,11.8304,9.1694,11.5372
9.0915,9.393,8.4025,9.7644,7.1602,12.2844,11.0162,8.1964,10.9293,11.1172,10.6766,13.5607,11.4464,9.6411,10.0631,11.6461,11.9806,11.9513,9.1401,11.5666
9.0436,9.3634,8.3938,9.7964,7.2321,12.1393,10.8356,8.3286,11.2152,11.254,10.8554,13.4989,11.537,9.6951,10.0865,11.5235,11.74,12.1414,9.2316,11.4724
9.085,9.3108,8.4938,9.8632,7.3756,12.1607,10.8257,8.3341,11.6192,11.3536,10.8721,13.6554,11.5045,9.7401,10.2179,11.1556,11.5476,11.9542,9.1935,11.4234
9.1385,9.3911,8.6541,9.825,7.3401,12.0899,10.7059,8.3562,11.4435,11.5213,10.91,13.7988,11.7432,9.467,10.202,11.0732,11.6166,12.0832,9.2448,11.4444
9.1202,9.5027,8.6583,10.0386,7.2942,12.3731,10.5489,8.3861,11.4565,11.4212,10.7268,13.9633,11.7448,9.5829,10.4353,11.1694,11.7599,12.0271,9.4139,11.6689
9.1873,9.4779,8.6653,10.0596,7.3381,12.3737,10.5122,8.3695,11.4587,11.6008,10.6034,13.6286,11.524,9.6115,10.4735,11.3373,12.1355,12.0043,9.5419,11.5857
9.3173,9.5134,8.5371,10.1027,7.3878,12.4362,10.4775,8.5279,11.6266,11.704,10.5128,13.5639,11.6462,9.8222,10.6126,11.3137,12.1623,12.1952,9.3891,11.385
9.4434,9.5319,8.4384,10.0808,7.3569,12.5182,10.4634,8.5767,11.8636,11.7349,10.5011,13.4795,11.5791,9.811,10.7523,11.4291,11.9402,12.489,9.3261,11.3091
9.4248,9.784,8.5081,10.1117,7.3042,12.5485,10.7698,8.6727,11.7993,11.6859,10.5829,13.646,11.4144,9.8607,10.852,11.6135,11.7618,12.8589,9.2797,11.2482
9.3667,9.8579,8.4104,10.3367,7.2629,12.5699,10.6202,8.6169,11.5051,11.6831,10.5705,13.3481,11.3891,9.9247,11.0401,11.4828,11.4968,12.8406,9.493,11.2042
9.3124,9.9946,8.3713,10.2908,7.2017,12.5896,10.6191,8.6356,11.5214,11.4574,10.6585,13.1176,11.3474,10.0836,11.1246,11.708,11.4289,12.7526,9.6358,11.2268
9.5604,9.8805,8.45,10.3749,7.3115,12.6905,10.7159,8.6558,11.667,11.3921,10.786,13.4348,11.2506,10.1763,11.1881,11.5727,11.4465,12.9007,9.7313,11.107
9.5957,9.9417,8.55,10.3836,7.2613,12.8727,10.5734,8.5879,11.7824,11.4414,10.8079,13.3016,11.3826,10.2519,11.4684,11.6767,11.25,12.9194,9.7216,11.0864
9.5728,9.9635,8.4718,10.1789,7.2996,13.0531,10.6362,8.621,11.6703,11.5678,10.5444,13.6488,11.3048,10.3457,11.4038,11.694,11.2029,12.599,9.8,10.9394
9.4362,9.9039,8.4423,10.2253,7.2536,13.5034,10.4331,8.5867,11.7433,11.7289,10.6296,13.7968,11.2078,10.4249,11.5939,11.7681,11.5474,12.5911,9.7604,10.7061
9.3852,9.9693,8.5393,10.4082,7.2746,13.4086,10.2624,8.568,11.5938,11.7007,10.4466,13.737,11.1203,10.5609,11.4257,11.5222,11.6635,12.8337,9.8572,10.6882
9.2853,9.9442,8.4979,10.2531,7.2767,13.6295,10.3747,8.6072,11.5868,11.5586,10.5923,13.4921,10.8253,10.5538,11.3663,11.4722,11.7719,12.9228,9.9412,10.8374
9.1392,10.167,8.408,10.2944,7.4514,13.9138,10.5624,8.6059,11.3772,11.4053,10.5514,13.3779,10.7292,10.5237,11.2764,11.3992,11.787,12.764,10.0327,10.9687
9.0877,10.1694,8.5714,10.4,7.6057,14.0513,10.7018,8.5458,11.3743,11.2975,10.5638,13.4715,10.7623,10.3283,11.1661,11.2326,11.8349,12.7025,10.0681,10.6873
9.1001,10.0407,8.6498,10.5029,7.66,14.2207,10.8129,8.4913,11.1704,11.401,10.608,13.0921,10.5335,10.1625,11.1563,11.0376,11.9344,12.6227,10.2674,10.7462
9.0862,10.0954,8.5497,10.6973,7.763,14.2666,11.0808,8.337,11.2862,11.5767,10.6759,13.068,10.2649,10.3036,11.0978,11.029,12.0851,12.7825,10.1202,10.6146
9.0067,10.1846,8.6678,10.7665,7.721,14.2425,11.2774,8.2207,11.399,11.5625,10.7432,13.0737,10.4004,10.374,11.109,11.3496,12.2785,12.8278,10.2207,10.6315
8.9296,9.9671,8.8973,10.7083,7.7794,14.473,11.2165,8.193,11.4752,11.641,10.749,12.9025,10.572,10.4754,11.1358,11.4666,11.7882,12.8396,10.1676,10.3734
8.9922,9.8455,9.0586,10.6905,7.8459,14.3696,11.3347,8.3416,11.2512,11.7334,10.5294,12.8854,10.6079,10.3335,11.0908,11.6863,11.9234,13.0096,10.3799,10.3335
9.1075,9.7722,9.2033,10.5408,7.7652,14.6913,11.4233,8.3772,11.227,11.6786,10.5208,12.8726,10.7007,10.5586,10.9754,11.7141,12.0473,12.9659,10.4893,10.157
9.3765,9.8152,9.1992,10.4478,7.7403,14.8308,11.774,8.2423,11.2145,11.516,10.3628,12.8887,10.6347,10.6044,11.0731,11.5324,11.9684,12.9224,10.2077,10.1252
9.2282,9.7889,9.1949,10.2049,7.6333,14.9065,11.9081,8.4425,11.2655,11.4225,10.2446,12.6848,10.7745,10.4254,10.9666,11.5152,12.1637,13.0237,10.1913,10.2076
9.4556,9.7487,9.3294,10.2855,7.755,14.9359,11.8065,8.3331,11.2393,11.2792,10.0625,13.0663,10.6504,10.3632,10.986,11.7812,12.2676,13.2559,10.2146,10.2129
9.4821,9.902,9.2263,10.2106,7.8475,15.2036,11.5937,8.2834,11.3113,11.3669,10.2156,13.3086,10.5964,10.5106,10.8677,11.941,12.2418,13.3326,10.3176,10.3289
9.5285,9.9443,9.0824,10.2702,7.7849,15.1116,11.655,8.4519,11.4546,11.3581,10.1927,13.191,10.6051,10.2088,10.8521,11.8459,12.2174,13.0827,10.2651,10.5266
9.5526,9.8064,9.0315,10.2883,7.5648,15.5696,11.6945,8.4803,11.5693,11.4402,10.3802,13.4783,10.4979,9.9633,10.624,12.1806,12.0541,13.3348,10.1293,10.7013
9.7099,9.8364,8.9604,10.4398,7.5133,15.8809,11.61,8.6309,11.4701,11.335,10.474,13.4833,10.5843,10.3209,10.5026,12.1286,12.0764,13.1608,9.9216,10.5793
9.802,9.7503,8.8828,10.5051,7.4193,16.0676,11.8973,8.6629,11.5361,11.2354,10.5129,13.5671,10.4179,10.1982,10.3975,12.1624,11.9979,13.1944,9.8619,10.7278
9.781,9.6278,9.0682,10.7838,7.4926,16.1636,11.8949,8.7127,11.3828,11.0748,10.5918,13.3674,10.6608,10.0991,10.4707,11.9755,11.9965,13.2656,9.8099,10.6441
9.749,9.7886,9.1857,10.9364,7.5922,16.478,12.0186,8.4668,11.4767,11.1392,10.5636,13.1232,10.5711,10.0579,10.588,12.0861,11.824,13.3695,9.5766,10.5883
9.7481,9.8823,9.157,11.0154,7.6214,16.5815,12.1208,8.4377,11.6062,11.3608,10.5436,12.756,10.6603,10.0619,10.6538,11.9668,11.7566,13.3807,9.5567,10.5823
9.689,9.8673,9.2373,11.0916,7.5019,16.6282,12.0114,8.4785,11.7832,11.4803,10.4578,12.7724,10.7133,10.121,10.5408,12.0483,11.8054,13.222,9.6015,10.5243
9.5811,9.8188,9.1284,10.993,7.6441,16.3609,12.1316,8.5296,12.0129,11.7749,10.4399,12.825,10.7233,9.9826,10.4841,12.4774,11.87,12.9669,9.6795,10.6662
9.6682,9.641,9.16,10.7706,7.6214,15.7983,11.8549,8.5664,12.1822,11.7591,10.5315,13.1347,10.5884,10.0636,10.6522,12.5075,11.9319,13.0496,9.6271,10.8385
9.5149,9.5933,9.1766,10.9004,7.5168,15.9872,11.8381,8.6772,12.5207,11.9019,10.5772,13.1944,10.6759,10.1422,10.5404,12.5481,12.0177,12.8961,9.6152,10.6517
9.2048,9.5703,9.1404,11.1133,7.3837,16.1094,11.8676,8.796,12.4553,11.9944,10.4476,13.2709,10.6964,10.0806,10.6944,12.571,12.126,13.1536,9.7773,10.7983
9.1823,9.6137,9.2056,11.2348,7.4386,16.0,11.8333,8.7754,12.3981,12.1126,10.2173,13.1705,10.6563,10.2433,10.5641,12.6553,12.1456,13.0464,10.0376,10.897
9.1259,9.759,9.2115,11.0697,7.1672,16.134,11.8967,8.6798,12.1696,12.0008,10.1523,13.2486,10.695,10.1916,10.3358,12.4618,12.3937,12.9751,10.1969,11.0236
8.9386,9.8558,9.0922,10.9413,7.2402,16.0268,11.6686,8.555,12.1093,12.1036,9.9646,13.256,10.9192,10.0239,10.2683,12.3877,12.2467,13.1102,10.1837,11.0124
9.1074,9.8911,9.0849,10.9329,7.17,16.2748,11.6033,8.5586,11.8019,12.203,10.1458,13.4674,10.7778,10.101,10.2762,12.2928,12.3294,13.2222,10.2426,11.0825
9.0977,10.1001,8.9897,10.9889,7.0506,16.2558,11.642,8.5784,11.9054,12.0826,10.0435,13.2553,10.6666,10.0152,10.1677,12.083,12.3812,13.1775,10.2631,11.0285
9.3493,9.8527,8.9235,10.7816,7.1139,16.1282,11.6825,8.4463,11.9112,12.0604,9.9756,13.7741,10.7057,9.782,10.4516,12.0582,12.2069,13.0604,10.3866,11.1803
9.4068,9.763,9.0024,10.8195,7.1306,16.1469,11.6472,8.4634,11.834,12.1626,10.0065,14.1164,10.5472,9.9383,10.3347,11.9722,12.1929,13.3215,10.2739,11.3298
9.5264,9.9155,8.9338,10.9351,7.1339,16.2473,11.587,8.2602,11.8655,12.2864,10.1251,14.184,10.5014,9.8463,10.4436,12.1115,12.1884,13.3666,10.2994,11.2609
9.6345,10.1014,8.7492,11.0093,7.1722,16.2162,11.4465,8.4449,11.8404,12.5607,10.2395,14.1962,10.48,9.8706,10.5149,12.1408,12.1276,13.5547,10.5189,11.2592
9.6548,10.1987,8.713,10.7237,7.1871,16.4398,11.2624,8.2191,11.9311,12.4041,10.0612,13.9882,10.5249,10.0356,10.3365,12.1745,12.1743,13.5922,10.604,11.257
9.4835,10.2304,8.8294,10.6898,7.1134,16.6098,11.1881,8.1936,12.0585,12.4957,10.3677,13.9207,10.6779,9.9275,10.6174,12.4015,12.2946,13.3666,10.6781,11.1612
9.5732,10.2539,8.8117,10.9583,7.0406,16.5053,11.2945,8.1356,11.9786,12.6462,10.4906,14.2704,10.7647,10.0665,10.6256,12.3689,12.3262,13.2789,10.8375,11.0524
9.6721,10.5276,8.8055,11.1398,7.0758,16.5281,11.4184,8.2074,12.0596,12.6546,10.4039,14.5789,10.8078,10.1776,10.9189,12.5305,12.17,13.0998,11.1202,10.8264
9.5874,10.6217,8.842,10.9394,7.0879,16.9579,11.2956,8.0496,11.9638,12.6765,10.3526,14.7712,10.9703,10.357,11.0532,12.4958,12.0899,13.1114,11.2684,10.7107
9.6283,10.7628,8.9718,11.0291,6.9933,16.9112,11.2853,7.8621,11.8322,12.9079,10.2962,14.4998,11.0396,10.5142,10.8125,12.4692,11.9586,12.9801,11.1322,10.7447
9.6185,10.9543,8.8553,11.2418,6.9968,16.9364,11.1712,7.9054,12.0419,12.7664,10.4448,14.3764,10.9774,10.5503,10.8087,12.4546,11.9579,13.3175,11.1557,10.5995
9.4729,10.9153,9.0706,11.6134,7.0819,16.6794,11.0431,7.789,11.9057,12.3885,10.5209,14.2666,11.2394,10.6065,10.9094,12.176,11.884,13.1164,10.9285,10.6785
9.4817,10.7058,9.2227,11.7054,7.0259,16.7988,11.0668,7.7301,11.7984,12.5009,10.5652,14.0009,11.3495,10.4408,10.837,12.3075,11.8617,13.2667,11.1964,10.5828
9.5567,10.8257,9.3702,11.7266,6.9478,16.4793,11.1715,7.831,11.9481,12.6071,10.4288,14.1718,11.081,10.5449,10.6948,12.1361,11.653,12.961,11.3274,10.4051
9.5963,11.0351,9.2381,11.8233,6.8506,16.3667,11.0371,7.7598,12.0446,12.6251,10.2493,13.9437,11.2735,10.3364,10.8974,12.0175,11.6618,12.9988,11.2602,10.4808
9.5681,10.9152,9.1472,11.7762,6.9902,16.3723,10.9536,7.6416,12.0397,12.5408,9.9698,14.0363,11.3857,10.4073,11.1532,12.0814,11.6186,13.092,11.3806,10.4708
