t,sim1,sim2,sim3,sim4,sim5,sim6,sim7,sim8,sim9,sim10,sim11,sim12,sim13,sim14,sim15,sim16,sim17,sim18,sim19,sim20
0,10,10,10,10,10,10,10,10,10,10,10,10,10,10,10,10,10,10,10,10
0.003968253968253968,9.922566072063242,9.992417670665954,10.126919136537714,10.25915747575327,9.845323037133708,9.94759058310715,9.84986535999369,10.125066947679347,9.92273469457009,9.92808343044883,10.005621144193679,10.045947329812403,10.017958136251027,9.821075425161917,9.910033615222405,9.932857867341312,10.294168128343252,9.855259461500863,9.895970217260194,9.894797091086048
0.007936507936507936,9.94673444174693,9.96247308681347,10.333574862044118,10.391247250377985,9.97110225900743,9.833331817962126,9.876448710688003,10.096442359020163,9.815097810125712,10.040796721909214,9.923100052240546,10.00306589561665,9.889550570657823,9.749448187845196,9.880311388479276,9.949403017386906,10.409136018761647,9.896100818271663,9.9825430402842,9.75749998354552
0.011904761904761904,9.843737017564726,10.051355557491139,10.157606162942804,10.500025424940947,9.904565644005835,9.720121690279054,9.875883186359639,10.206188843973482,9.834011794821885,9.76610340877257,9.822814963316807,9.98586169145621,9.677691362381122,9.65376856002755,9.898237633980536,10.070993701441793,10.361944634957885,9.782690160827814,10.087586020256753,9.857859883810386
0.015873015873015872,10.044780172094088,10.198775604090233,10.126918190530802,10.413793861134295,9.878777762796254,9.633627953075917,9.847834063278832,10.291852801453116,10.013375183093702,9.748224763915937,9.83908083438486,9.930266190262936,9.538434976310453,9.542227539983445,10.03570759008503,10.26335244527782,10.534113588697167,9.796040892202525,9.88491578741959,9.994333759215397
0.01984126984126984,10.087767679904475,9.895801293456298,10.277154988105629,10.413553487146196,9.680110866456461,9.584556133730736,9.825666519017453,10.088865005592982,9.79806558415965,9.611919528507041,9.8483578631154,9.960884239453682,9.373557860466391,9.541236076241185,10.202149600292712,10.366280223378379,10.514788495412173,9.752747904169691,9.874790532415163,10.04480080717876
0.023809523809523808,9.98521687439164,9.968652737180593,10.135099883201978,10.49642187015984,9.505893496436089,9.58501274210315,9.945319935595041,10.129477663919879,9.696390642673823,9.37148821342376,9.637616019890878,10.050475148091278,9.257079681359949,9.662510569894325,10.370239354582987,10.437175606325738,10.558261282007107,9.645418449121257,9.733368939718394,9.98803129169647
0.027777777777777776,10.047921157424511,10.017019281937,9.818492215845284,10.329577495528117,9.549149271158065,9.662964253852666,9.927222450513465,9.818303714893093,9.610489227481173,9.398929457886682,9.525815567437531,10.221082788905951,9.416804622801067,9.66896646459744,10.327310457437262,10.513283139747307,10.550081081750603,9.867719305690867,9.645017549661755,9.963128403846648
0.031746031746031744,10.143030583853418,9.96467912048612,9.704554895142428,10.314646584340407,9.52930733069754,9.602317087095782,10.163075047493255,9.785086239600993,9.657129758922265,9.384913142606164,9.68410706705105,10.021692416803596,9.209554070889526,9.426702718079406,10.407475597220987,10.53532435797275,10.575754437936569,9.894439885391918,9.752016624175951,9.942897741620797
0.03571428571428571,10.218093674335927,10.08599103972097,9.588153518774641,10.338740653314838,9.45969159210765,9.5003266906332,9.92334292011416,9.718375265254604,9.952687698952332,9.149707310849266,9.613535442600186,10.050487490241427,9.253730442668267,9.655601733616804,10.530164856395919,10.48325092024618,10.681344488915297,10.085726010041428,9.554272660921734,9.761162068641497
0.03968253968253968,10.180066607107264,10.037846059522114,9.595034025682152,10.56285985029887,9.303137093922697,9.696907610802471,9.969552026444498,9.827401850344378,9.895864364240555,9.118609413191734,9.682180449096542,10.019652975119065,9.259726037518137,9.80142615289409,10.751928188903996,10.494474834962228,10.514811420809973,10.064900030410536,9.631260585193136,9.775569927318191
0.04365079365079365,10.377056403880372,10.003143297346208,9.54748832975534,10.649928943820095,9.176501677931354,9.820260200846912,10.239935642212581,9.864980725385314,9.844004370501443,9.168152663822731,9.659579522710391,10.154661418629598,9.245352670880019,10.105325371572617,10.633808766166299,10.33789471626117,10.78349765920099,9.958190987276856,9.5556369642947665,9.793683121683701
0.047619047619047616,10.429390861972614,10.112990330634316,9.576514955733693,10.824660226625511,9.416068012815922,9.908035546392513,10.095656582615401,9.792197966306473,9.636178812396478,9.243812863888866,9.577337222417206,10.444333978561513,9.244829348916156,10.075931157666473,10.930186970019246,10.290732008692542,10.737224705945128,9.902774122068974,9.56661790174893,9.712053332470227
0.051587301587301584,10.3493117178531,10.33571201096491,9.526823992331147,10.84513571867005,9.378532101790169,10.123735984914985,9.99607439256611,9.773986436121618,9.51169463359674,9.27926510666173,9.58846251373634,10.444543840858119,9.203389055642182,10.343562727394415,11.030385396839849,10.376899033912439,10.7928977955258,9.91349224244506,9.73651905769596,9.574420539984992
0.05555555555555555,10.065728827794771,10.372172548184508,9.572973753956171,10.695461470754115,9.47156218559551,10.000983330266358,9.947314333849496,9.797859783198307,9.605407809595402,9.364835163312584,9.609940704713463,10.502332579547597,9.192296278891959,10.375168810939986,11.176831178420676,10.459124273762658,11.088416661298428,10.194159339536785,9.75325648479026,9.718424094516287
0.05952380952380952,10.210619575909316,10.318377539805798,9.530066566431472,10.65105565632923,9.56684096960237,10.263717915770211,9.96000188108476,9.67475597389539,9.516766586807323,9.388693190989333,9.709123740607453,10.644305395104885,9.387715124978284,10.327695040672198,11.02770904720063,10.401607412440752,11.079644546164214,10.158877450596135,9.659085982461086,9.661692588656999
0.06349206349206349,10.20605580955904,10.166155966190022,9.675187504756021,10.431227949494971,9.660429395541618,10.42478350707994,9.931276755934656,9.593385418392364,9.459743133039057,9.433380020555777,9.684354093544604,10.851634623987328,9.574593855801552,10.221046790370158,10.96331942122086,10.423637603539525,10.997185782895139,10.313238529225817,9.770952499712928,9.865109475002495
0.06746031746031746,10.205189040709914,10.125050341245787,9.58686769013298,10.555272249430802,9.69753167844882,10.466431907192652,9.87481833658017,9.445480959535663,9.418882005100153,9.421033732649608,9.58204514453976,11.018196812322682,9.62935284937985,10.03552044648209,10.95498489633402,10.357587504288512,11.2866683854386,10.261615403369834,9.692463641073376,9.825540386821219
0.07142857142857142,10.328495064094875,10.007060521806162,9.62318524254366,10.746658427088144,9.546859316710535,10.550339912593609,10.11861272909811,9.265668877564746,9.41261238684748,9.299903430353094,9.4279014334519875,10.737340726269325,9.577421377224095,10.16854089007877,10.851537258138679,10.213321546841238,11.147839569559986,10.392636014013824,9.86578136398982,9.845660923035698
0.07539682539682539,10.437155135535274,9.975655747823202,9.517634176945485,10.73944812076516,9.427328220402714,10.559753717055363,10.135391078664698,9.205733677812727,9.607795625069045,9.33065684173518,9.131526379856005,10.583269095026735,9.725685211969266,10.33675991687339,10.774816397678695,10.157156466460206,11.168189845100096,10.267719058022895,10.012566177921794,9.940947536169679
0.07936507936507936,10.51679548982886,10.026538801749787,9.543745228452215,10.608807391967558,9.518130140643903,10.546275133330994,10.277026402674426,9.204680827659505,9.760997994725649,9.440863428512776,9.194524345627508,10.54405611986068,9.554021936283737,10.488069403279008,10.624079334642104,9.891647553512675,11.105309571278323,10.367560277645785,10.068732592731354,10.05921546087202
0.08333333333333333,10.64053350273646,9.920686424331453,9.539143427816384,10.756394290959566,9.363636766631615,10.34013681935026,9.900478417934258,9.025684900546732,10.012352204413041,9.716524446898026,9.1983379880179,10.800669291646074,9.548071699323643,10.582928716647878,10.641785892774465,9.802491486342014,11.099858183350134,10.379610323204743,10.106966751099401,10.21247738271853
0.0873015873015873,10.747182881199157,10.25861179538077,9.339939515199836,10.776575017888312,9.427200553707712,10.438573146419603,10.043440695231245,9.080123694523229,9.78230468355787,9.663785358292941,9.321578231147223,10.82127566934822,9.573751180248488,10.622641965003972,10.809103086322382,9.773234756049929,11.07431766231552,10.254891176031158,10.072980756632793,10.244520062336582
0.09126984126984126,10.758564561559357,10.280019305294422,9.324093417261302,10.725534230615983,9.365158564955445,10.72543138883345,10.212050553972432,9.00511734883877,9.726601001532519,9.666366990139293,9.263397653081434,10.835159733134942,9.664942885713332,10.658446512642996,10.730659102307962,9.699125421248917,10.934098456121554,10.386997158681831,9.846968298478282,10.331356758565825
0.09523809523809523,10.49351778677734,10.428687881317321,9.46489870260726,10.87973809133127,9.319381361937433,11.012878919915398,10.151355145963535,9.041556393603477,9.856443699624979,9.411891975597728,9.340441301735416,10.849947484491398,9.620206129158083,10.931037165969876,10.48612220584072,9.712992148777317,10.738683921095399,10.359819124961067,10.010034131545007,10.521747803537476
0.0992063492063492,10.577042292858795,10.133423878289584,9.547639603501368,10.777364561965989,9.228233621639045,11.037776911941618,10.123842637383746,9.05888775778115,9.819954398978032,9.319540599937094,9.398894057432646,10.93260953266852,9.914053465668365,10.87113541880162,10.553354333559732,9.616660778838833,10.843520503731805,10.248627949992706,10.020999431954104,10.570139431241161
0.10317460317460317,10.57082367814575,10.229687578318128,9.566025013951961,10.935808983469924,9.202610542646015,11.024097616406447,10.340044932290585,9.017372563457862,9.86056004231413,9.473230366703687,9.258150390155132,11.110944079628942,9.80493126091929,10.780171073423501,10.622175798835773,9.779547756113095,10.940529717854236,10.061620478311706,9.9253637861426,10.775610505010436
0.10714285714285714,10.55135124282987,10.06264403904701,9.42452215717181,10.821636145903396,9.305984950812805,11.050719421449015,10.346647631098653,8.800145716903524,9.781457922896497,9.444047731713,9.258906132390196,11.25414496840514,9.678928111149459,10.83750957387215,10.693752745142655,9.784553017018178,10.797988904784258,10.339410261016706,9.865262291801828,10.817813526740348
0.1111111111111111,10.358870863740893,10.181144608404505,9.565520098171598,10.876427895957354,9.360449235678411,11.21275441555375,10.484116400705863,8.625806235899981,9.554971652497443,9.513111525022993,9.447002683301898,10.92549766967995,9.973200199518052,10.758957250237,10.779566935796563,9.684700866000512,10.599276501035519,10.550186856233992,9.744538825739415,10.693060256869224
0.11507936507936507,10.29788118696371,10.233559410124402,9.576209751671644,11.000571372535301,9.334185857885752,11.424762865336907,10.563282161899926,8.355067178055533,9.41189138750628,9.594587514942395,9.330635377514957,10.64094902957757,10.045155106915123,10.58885639936516,10.383481220075023,9.580659321358565,10.59693616390712,10.548649597164331,9.74924830427056,10.769850657689792
0.11904761904761904,10.353480883421735,10.182363224122845,9.522992191482507,10.818348021266194,9.438184541967523,11.48500006310597,10.543490984057671,8.500690814248811,9.640723747631775,9.481609165611973,9.338805691376535,10.630900317962636,9.990065711966688,10.471124178691253,10.634551640371653,9.431776012875027,10.724797005613732,10.782985550870054,9.652196290935384,10.569740191555972
0.12301587301587301,10.533488695442879,10.354904437102938,9.72320954240065,10.874042373347853,9.638315760988583,11.648757031595823,10.50601361515305,8.463159062393794,9.610147415890435,9.48459101759278,9.417597991655105,10.733962576949772,9.874322260227713,10.538901974320973,10.697619961095985,9.308911920332758,10.64141072185423,10.829668354990629,9.323138627985719,10.639305164833683
0.12698412698412698,10.52110905637306,10.265046959099568,9.630535767793834,10.860058503142023,9.638689799060074,11.646170410022025,10.320970750947305,8.673200560550626,9.830256845564508,9.513550627482996,9.391098093415145,10.523561384287802,9.935337795247825,10.795512442988455,10.75178573347374,9.40747413072777,10.558431795712025,10.689903268297797,9.304413963340506,10.479705766291955
0.13095238095238093,10.573880708827287,10.191444768007914,9.668564948496389,10.954215093649509,9.697148216495526,11.72082487811352,10.04782902153423,8.51657710614636,9.939443861860703,9.477393180003318,9.480868681268303,10.619014275480064,9.966232190578397,11.010936888844455,10.593418529437702,9.309117489515915,10.424355891843772,10.756509665736548,9.095675043545178,10.437950732941093
0.1349206349206349,10.56797333484597,10.064912280472141,9.827133823933803,10.847210712726424,9.732357094887977,11.898637187262484,10.046177022395785,8.678110465218746,10.029009115395077,9.503123552175524,9.546856457685461,10.481240449491398,9.800630901444787,10.859926485690456,10.654154533361126,9.059516287313953,10.529757291295024,10.712834751379285,9.070940887444971,10.528700193525966
0.1388888888888889,10.38744403022243,9.981727107391217,9.903157631256681,10.836619494138464,9.614330499052866,12.458426692078856,10.081580122251243,8.797615310284021,10.237479392209924,9.426266739484541,9.448055619472335,10.516768222596639,9.78854016314711,10.88549409889413,10.55468839895427,9.14938303024985,10.6915039906838,10.83889657089217,8.969548563548384,10.431243890662063
0.14285714285714285,10.334505858458876,10.10250477793213,9.866099516854844,11.028306456930599,9.503877804381883,12.451435476225111,10.019089641044198,8.715092459017715,10.03561601696944,9.291402336361248,9.465243240215603,10.517797032724552,9.861221103778194,11.16908658327508,10.584045236848402,9.219752302788626,10.862857362756602,10.791498037175527,9.039780611395164,10.243067528669986
0.1468253968253968,10.284519882535264,10.159066642297555,9.815394933138261,11.05305771431202,9.73770815151361,12.348530871539252,10.100235203554998,8.794899647362255,9.959971875972746,9.354469973839597,9.432509333954176,10.364404060168466,9.918975420628465,11.370489815558322,10.567083445620197,9.360987927642714,10.769569387553775,10.95430189536846,9.041530240159242,10.231281416652259
0.15079365079365079,10.278060858048041,10.289762155448194,9.860584032493724,11.169617674740179,9.847601188416673,12.419561850801601,10.16201468546761,8.860611438781914,9.921918742605541,9.521335083190584,9.489262415252123,10.595999802997502,9.772497093962228,11.508739495474332,10.570105072939317,9.31877633558788,10.698341372467649,11.080527996942495,9.206600373862024,10.155978035504987
0.15476190476190477,10.422737047813808,10.240530755676907,9.92576300748206,11.139901828182726,9.941285025195093,12.357694781406163,10.119698441746571,8.84530025726326,9.808483051880344,9.544284143797697,9.359017532494217,10.693595475964267,10.01968017988354,11.540560607100385,10.66233366952501,9.40271776090963,10.71161604788255,11.046849895234258,9.194275708554274,10.304314261778972
0.15873015873015872,10.524689023166362,10.290429797749985,9.929272174725515,10.997669137108641,9.960971313229528,12.458483434110592,10.127229980178845,9.015916424309365,9.778003523206522,9.537089803008927,9.34742532751192,11.087558960971595,9.885938822615282,11.7211770968894,10.656119063513595,9.412768346564508,10.852746822972058,11.140374006459497,8.994066269110972,10.1639743551254
0.16269841269841268,10.50414643496821,10.323362741092643,10.096785673969455,10.99746454775535,10.023265662456534,12.513651451754255,10.295075392093597,8.985289807731384,9.525885382644114,9.502904790509467,9.354457082001378,11.189641544058055,9.911305043005513,11.884224419792588,10.590583854799108,9.149318833648065,10.92554079813497,10.885246396370581,8.995001012045694,9.987141155529336
0.16666666666666666,10.471916639661343,10.140724528325245,10.089615892199788,10.83032814632677,10.04365619538537,12.724399359967956,10.337195495765442,9.218892662508633,9.358429200729857,9.674868766072828,9.392285667067519,11.144644851952473,10.04904795861824,11.856700250969372,10.482068500091422,9.272810507312501,10.855694832627925,10.800154608897099,9.114715506602147,9.893221571874678
0.17063492063492064,10.565532256793464,10.371737913223766,10.002178425505697,10.483068992645116,10.050168424723323,12.572958542627733,10.443361522672957,9.082132899571222,9.43184397498135,9.81105087775336,9.414598314375835,11.12766400155692,10.06021766029194,11.739859163975467,10.445105998309328,9.169661099496087,10.945548001530357,10.873029768172888,9.097629753231276,10.074780589192976
0.1746031746031746,10.641158650984973,10.390558191694254,10.071318507574293,10.639889373127719,10.079697952949015,12.384907422081628,10.508761414568824,9.234641238069008,9.461713943958939,9.987380609916077,9.29083618649787,11.052510771631338,10.249515309728347,11.69847236452184,10.381726349216773,9.452148841171171,10.991742497314359,10.760305643578373,9.160608484462136,10.186214481845214
0.17857142857142855,10.550475344618516,10.49251573602525,9.796947231496262,10.496431794103396,9.953374917726572,12.633439153992304,10.741002239648626,9.174968294838585,9.619583849421637,10.067295830298422,9.17865760658037,10.876755693631798,10.607346459303967,11.49008833735508,10.511306208343477,9.604924865835455,11.06577674820622,10.439371050758465,9.156042530837302,10.09296235238221
0.18253968253968253,10.45809543997124,10.620805438541177,9.846620331567435,10.25892372807993,10.26031236148048,12.67085635956306,10.756153221208136,9.217106044406856,9.580266294757376,10.10330438492222,9.115058590726964,10.584611268310432,10.758870260923178,11.619183444394242,10.525539949966154,9.763538288132233,10.860538724899268,10.398905600392869,9.19357098039448,9.899887329848628
0.1865079365079365,10.507493931335288,10.615305070097195,9.909644252455976,10.389610892198263,10.36573961523044,12.525948182267527,10.624113288868243,9.209882977910837,9.53509963948117,10.168315174133983,8.969983887592731,10.585946532102728,10.895030672697734,11.605172954594767,10.46106316948829,10.012421531569421,10.853670896547435,10.362265086335812,9.249902534369133,9.949227493156322
0.19047619047619047,10.610991127041556,10.575742865118597,9.8827848788558,10.389295086282841,10.33421490081025,12.35910618302428,10.563918608739815,9.195541354848569,9.485767485040974,10.203322152940544,9.198424419517913,10.795171621115108,10.756393929811397,11.270128602905974,10.518246714607946,10.04004184622143,10.878995039637024,10.284942142797854,9.21571472823199,9.769734167326392
0.19444444444444442,10.597244145873171,10.696763806272832,9.745822279838048,10.312331347583882,10.494593738384498,12.27485819740046,10.596858516121756,9.186436549442783,9.373039428638414,10.05140420939342,9.207773763542251,10.849444006553885,10.989795596041844,11.11675093855703,10.450907912307649,9.985136923666838,10.750680654437023,10.068040309105694,9.117313887306363,9.752589209072337
0.1984126984126984,10.716814349752443,10.557806922275615,9.69859754869961,10.29046266142841,10.413224459996268,12.367985055156904,10.56221016079661,9.29438272303133,9.40362299922401,10.328853597019931,9.162336665390166,10.80778192601191,10.98503243788682,11.172302137523157,10.707949774269368,9.77982778192111,10.81501443230331,10.124290566788803,8.939363413653703,9.670710307667264
0.20238095238095238,10.771983604221129,10.824598066220473,9.891011021163893,10.23660168924242,10.641422828598637,12.287558978720146,10.540926252983782,9.299171912380196,9.266090965681803,10.182074640593783,9.140854502615163,10.917303794393124,11.04308752334015,11.318279932277667,10.542590107172325,9.853015920752881,10.941146626374467,10.26338762580532,8.865730783902553,9.623525799548716
0.20634920634920634,10.690514924936872,10.773688163895317,9.79995714479549,10.367184345889351,10.589941201659517,12.498542100941407,10.630859321521093,9.460879207040097,9.325238486678487,10.30620104940926,9.096764405065946,10.94457650577057,11.060444877887102,11.373258274725544,10.522553934795017,9.766286167007701,10.831867862142714,10.321476050786288,8.929770541260014,9.673125658779345
0.2103174603174603,10.737836702953896,11.001880359714972,9.517386167940625,10.463909824611097,10.285916395812466,12.538491171964603,10.528744127456434,9.475544974779364,9.305491632359091,10.148172359280641,9.08752174859308,11.026760611748147,11.037204526221021,11.212283927575138,10.660130963635153,9.937376761386309,10.862359663977319,10.406360235784977,9.145107998711033,9.748123612117123
0.21428571428571427,10.587394067780254,11.214833668879063,9.616425511867925,10.239960107412239,10.46546672333568,12.570969156019228,10.278431628894541,9.497507256522757,9.397883475389484,10.035725415789482,9.066495291461132,11.099859416957987,11.33185745995916,11.107921403422154,10.576735578058733,9.94622602759934,10.711388279550311,10.564044100439448,9.161575318017936,9.784711009605042
0.21825396825396826,10.78156254777671,11.227898901793843,9.55701800482174,10.286878736039561,10.617087667516316,12.570007732598082,10.544537247389922,9.492240050064572,9.547947365434496,9.947675213114827,8.99562768593493,11.07739715098253,11.62959169992075,11.546552566267039,10.550917698759996,9.915773909544832,10.757402073244274,10.59104088881969,8.988299078339367,9.587888330923121
0.2222222222222222,11.05527008276394,11.309770676696091,9.496831684821403,10.382744163670145,10.515268315586491,12.524460390526293,10.603775469593273,9.442702560570517,9.499141301509015,9.799867486699222,8.954667602527131,11.225002998990417,11.507854787248439,11.758871746488317,10.606993075941224,10.043780354870053,10.748142820667912,10.70833237571854,9.059643624464329,9.667072782464421
0.22619047619047616,11.005550503108982,11.166050436502267,9.353635919387202,10.471775158372878,10.331302037748596,12.499517610297453,10.746284268041222,9.468596717621072,9.448977321685764,9.792383171970036,8.873454450188428,11.271854744892064,11.448111804636122,11.808160518391826,10.473518706627198,9.962395084241324,10.87515870272745,10.706092596288636,8.92956929602852,9.622332798440896
0.23015873015873015,10.863015263626394,11.21291804911065,9.352091159450689,10.157974663268643,10.096456211320561,12.684482050594616,10.705384247246911,9.588931023695421,9.4445645922645,9.689323591018637,8.784042799850974,11.054130005829881,11.44946856123447,11.7935848535279,10.607341265482066,10.299789894156833,10.774238916691258,10.516397723552206,8.913307641006146,9.759039609092845
0.23412698412698413,10.942570849787828,11.362674757751659,9.43620422121151,10.129104371672216,10.063492664098804,12.47381400133627,10.719294418579802,9.688911701492628,9.367637919230852,9.709647305119155,8.850383456149375,11.143040786474636,11.275548270016776,11.787333492094012,10.392667001575184,10.261465964305597,10.892106912618196,10.497491414092089,8.959682653113614,9.807856801018403
0.23809523809523808,10.925268139515751,11.378221787814887,9.367734398497259,10.386147883021499,9.834808762551486,12.647285590025406,10.433656325889979,9.812427029143226,9.559837068687893,9.960786632988407,8.792294465284598,11.424953419778475,11.36477040396087,11.90662285717047,10.363285866223586,10.275430490255534,10.837023150772925,10.480843174136607,9.019915647583602,9.754770286523083
0.24206349206349204,11.262232504555937,11.314653088657773,9.29750670484238,10.492185051348251,9.735565457831907,12.593029622467343,10.482069203845658,10.030186740742165,9.553308545992214,10.054978538824646,8.95772955203294,11.470086093074794,11.451328428216197,11.875393470860178,10.150632136778942,10.18780573958037,10.83410277125654,10.77830798152355,9.04370295770782,10.01123028310167
0.24603174603174602,11.258006244607799,11.222891676549159,9.427978301842028,10.26987539698992,9.75681080093642,12.711653189586992,10.545293985714041,10.076606754297448,9.659605279127256,9.844125836144677,8.973034161214928,11.762630807635244,11.649972314848855,11.79561021087681,10.04579647426506,10.229442696571233,10.883676651569505,10.69014130022417,9.007840831513468,10.069535481464833
0.25,11.357615504611726,11.219149103110171,9.399743506949479,10.058053764380157,9.863717850709078,12.703813716630922,10.42675954491711,10.097598158426942,9.706918868014123,9.904732036496425,9.073878905436198,11.835437543692324,11.528999622552798,11.756274604037188,10.343543714055054,10.34995589276475,11.06929486895127,10.77652473989885,8.92079932309215,9.939342932356094
0.25396825396825395,11.36297576524688,11.372649152811285,9.381942937861952,10.121684773116014,9.76350685456124,12.491715190575569,10.358686056730253,10.298311351049694,9.882781086567094,9.915236210849912,9.020532751718795,11.918426020137773,11.67722728967342,11.761766960959928,10.310482417264067,10.15585153059241,11.015337011090393,10.740902846156953,9.032897577477854,9.933463637331784
0.2579365079365079,11.25840561627087,11.304861022836265,9.309374102655891,10.100715714750503,9.749475064050914,12.547924620403002,10.536779260729723,10.29122696791926,9.857962622319233,10.162088352047999,8.770239954081168,11.884958934291854,11.814351432711872,11.907756746437382,10.574456595495251,10.155179392013807,11.11609057859213,10.645552748260732,8.963057233953558,9.809740757265011
0.26190476190476186,11.286559833608976,11.288982789604917,9.416705739387682,10.225007695196288,9.78200562791602,12.448886586366063,10.600543615070935,10.162540568380797,9.53203636097831,10.228186320003088,8.77301025774446,11.582414507157228,11.793951181959793,11.58370241043394,10.543408355231104,10.234183099806843,10.908613899080697,10.620651832331557,8.80456336841141,9.643552474595564
0.26587301587301587,11.034109392798353,11.107734771230772,9.300598040096807,10.264151321200542,9.997349634567257,12.627995922990872,10.568052208928169,10.05005481030483,9.606619325990396,10.19614810037436,8.900104433390695,11.417549689638577,11.609393947076235,11.87294008183027,10.471223235420746,10.105107152788296,10.775092443147988,10.799123928325942,8.819317568172615,9.6725547098139
0.2698412698412698,11.241076706527831,11.178457580888946,9.401763708589284,10.275854436779092,9.878518544551703,12.498477532627694,10.618574987258361,9.968708398063413,9.4834557406844109,10.036449467054105,8.892711802299777,11.393035274551055,11.573743320809603,11.90129066246854,10.40284285533257,10.249364868158686,10.77341883624673,10.802135480385719,8.756551603635165,9.703752891738082
0.2738095238095238,11.264142952901379,11.365535263914067,9.49881679134403,10.30088571338191,9.682006799806983,12.221564514218246,10.44117325256688,9.791416246601925,9.544206974392845,10.043563229415753,8.844190545341982,11.237524878114478,11.820788013295504,11.965112510047081,10.496868792874837,10.217041198565301,10.83027213238799,10.651483275106488,8.768529102190035,9.803671769991253
0.2777777777777778,11.57810566821786,11.583313200563108,9.444145938512577,10.323713672506434,9.460599454776311,12.092210772066597,10.597742458174537,9.969122835007287,9.42893854110466,10.19648675004835,8.874274053587854,11.018891481257324,11.930271815692633,12.064455850066304,10.374669404429435,10.352566380429828,10.889859865311463,10.76834383387497,8.894816166440206,9.992904570680134
0.28174603174603174,11.649063340501746,11.704213234461028,9.54677318480942,10.161104533770263,9.5282057531601545,12.00680708683095,10.347161520314181,9.895987690450752,9.418843796667971,10.083480980287666,8.876822562714336,11.013493331244241,12.021305998290678,11.966882212318517,10.490956133122674,10.418056609388517,10.741102429256498,10.812339992242434,8.905122204749038,10.048114734081308
0.2857142857142857,11.546707601148755,11.43307883148213,9.66735156464651,10.46762364697783,9.522125049732336,11.883929739096237,10.21826847925487,10.037681470367348,9.35444787890447,9.98791459698533,8.770720145263102,10.932144954784306,11.593583674048464,11.800619492524692,10.394267681417126,10.24669426716254,10.697494615650475,10.859592476764151,8.922321919294287,10.05019702075358
0.28968253968253965,11.63728091427171,11.504092644109303,9.738874649460293,10.284279662082675,9.616347012455199,11.849821625234705,10.306983287954319,10.344984473821077,9.326638934722158,10.113778670553208,8.956845306640801,11.271553783437364,11.597317789821505,11.653568902924004,10.624448282825327,10.39217686990871,10.72984334252462,10.896798742191198,8.850924948643808,10.06239954134201
0.2936507936507936,11.502499277490859,11.571771838173303,9.991704826618438,10.283306330861762,9.60044164645847,11.762675834303218,10.45895544300993,10.293780992381665,9.251116357393531,10.232490552822279,8.932546907479566,11.288469668495953,11.688874575908654,11.738477683103596,10.517167239121418,10.346496879782796,10.573943962255939,10.942047827627302,8.944899054579766,10.173922272262653
0.2976190476190476,11.323600545638332,11.521735474279419,9.748865826040124,10.2142428507797,9.649254590124944,11.703355972116375,10.234321412737678,10.34312350133202,9.138246318131921,10.196445039332186,8.76431500377341,11.353995762759038,11.524262197868017,11.834043819433592,10.296798388521275,10.57486331380376,10.654288228751634,10.901779155171832,8.942067966114045,10.051613693337625
0.30158730158730157,11.366608935846502,11.547885028492308,9.607973975443647,10.449785328531238,9.677703234254938,11.75321696322832,10.313376514318819,10.269649962078555,9.16197756879697,10.135216324769155,8.619099739367199,11.425777071727065,11.456714015811261,11.656389383375297,10.4932919707325,10.469497516159116,10.675346448656102,10.974374131216198,9.124012029028117,9.939912330318906
0.3055555555555555,11.304649617108133,11.424218406163067,9.44390832340247,10.58505850289301,9.681726595630568,11.583543945968719,10.359098134209875,10.655655812143516,9.02369868604214,10.1017674381383,8.677826761652268,11.434369678222106,11.503743320460895,11.644137212839729,10.587988351177488,10.660735769519308,10.723524006577899,10.815884775799043,9.091136285659111,9.814431523758197
0.30952380952380953,11.306152938602958,11.523772488326033,9.465007035767197,10.511399323405067,9.607179740115562,11.696408765109865,10.355727300658568,10.513044425181022,8.992421337616225,10.244761287339177,8.832548685225246,11.530446529437599,11.52889362646491,11.430619248730219,10.461589769888091,10.517012958073929,10.790645020264133,10.992292773689357,9.245215732660244,9.930119995942714
0.3134920634920635,11.318094697131494,11.477746076360264,9.657019164029538,10.539893350299858,9.762315145640315,11.697424608537146,10.275576223339803,10.67157276473163,8.9595248180166,10.253551282334872,8.959880018431809,11.609339933529041,11.67022565474163,11.487983069258007,10.306161625241872,10.59435512872102,10.677280818945501,10.931043913630424,9.107240268744624,10.017488717989542
0.31746031746031744,11.235681106843337,11.25441512312193,9.864510189197707,10.697070431244624,9.713691207809346,11.693184159926448,10.166567725561158,10.790417457647331,8.88878506839377,10.28824438677416,8.959664386545693,11.724012982675815,11.652353439904331,11.415673846637167,10.307274680005216,10.787532630158221,10.763237204124207,10.948576105788868,9.011536022092073,9.815490722575099
0.3214285714285714,11.156798270685426,11.203767551783379,9.92656497883236,11.004056522354146,9.796800341378718,11.398377140023257,10.187239744346712,10.919051507267733,9.087203768464072,10.503145122217672,9.067521353966255,11.873041204598168,11.646876955739431,11.302138690938966,10.399948418505813,10.73376210429528,10.829723274662546,11.139106033170577,9.049784681923386,9.906325042474831
0.32539682539682535,11.139139414057462,11.399385178135892,10.038259923026335,11.047356948846843,9.818311303737293,11.356552692496765,10.34448830148326,11.062244630964305,8.876737213343064,10.62008277629182,9.159064431655068,12.031598823038756,11.808222871303752,11.342900958637344,10.368824785189931,10.741689165246989,11.031423835100712,10.992876446905083,8.885951767616454,9.763787082973456
0.32936507936507936,11.307051168003436,11.352828506415838,10.021147204550472,10.90450392704014,10.042371472814585,11.27867158434837,10.153501036547935,11.149333644349538,8.881282691754532,10.78546264685386,9.170194075920742,12.041800633093771,11.817977760688517,11.507905126691046,10.369239219871583,10.604290490046667,10.65828988125847,10.999423892416177,9.025026247858754,9.785397849043651
0.3333333333333333,11.093401126989527,11.459484765531268,10.08173244076884,10.77149709364782,10.133966386758246,11.401072594959155,10.021213070794335,11.23643086893451,8.748057146384967,11.023101340039622,9.175076678832296,11.853078574408284,11.630072587355054,11.266692619746664,10.389392098069763,10.744154297750788,10.762914393469742,11.081735450441958,9.006693421519257,9.91733110642992
0.33730158730158727,11.178055262359798,11.598347796197539,10.130840498874376,11.048472840267252,10.092144299995939,11.603992004789696,10.231369839421589,11.112059112645648,8.602518670921615,10.981056094169999,9.357460715613835,11.46471580219597,11.501069931545914,11.196785960605562,10.460565635233571,10.853813327613729,10.448990788612045,11.16656259309189,8.970730149955694,9.820950764832993
0.3412698412698413,11.226379626756538,11.600371491051776,10.035362723976247,10.765262476045478,10.092182465075755,11.786802449868482,10.078118030079544,11.176854595889038,8.598589857765296,10.968233774532278,9.079275465182107,11.401339241498752,11.615069511818824,11.472552074679998,10.307944635883102,10.764238626199335,10.284102224564162,11.118385175681514,9.023854625816519,9.89212354361369
0.34523809523809523,11.379109556710121,11.550368329866137,9.999539143333397,11.189124677527003,10.077461652812573,11.624009960399997,9.751285723371021,11.125538177533056,8.839968951530539,10.992672145530117,9.099519348645389,11.186775957969227,11.729304927290807,11.55603656738528,10.636857254220025,10.797236729748432,10.229966109956559,10.977154422752799,8.976684797798395,9.853771003502208
0.3492063492063492,11.336933754388948,11.47490914166886,9.98375441668157,11.153670485542893,9.81663380239107,11.509381603890564,9.754592594799393,11.532224179878636,9.000851058516933,11.057408355914324,9.05449864569788,11.143364580962578,11.8347591817548,11.945096878927236,10.461131888021447,11.054866551825427,10.17483121834169,11.063793701682021,9.04138830438733,10.00690709482675
0.35317460317460314,11.391263661707413,11.583710384505117,10.161835323374875,11.091320504608536,10.030018778484003,11.497776830734702,9.79815099826922,11.640513508743002,9.022729359111336,10.989062308070674,8.858568712147692,11.110671791006215,11.916801099283399,11.737770826924187,10.284538408281087,11.048363614902181,10.116920242998967,10.936455477408614,9.092721739614042,10.09047556825751
0.3571428571428571,11.431022052424378,11.430904145922021,10.031130285126524,11.11468258834251,10.16657282409925,11.34664747141037,9.800888028610899,11.765836824407769,8.94987660539934,11.021838965020546,8.782513590630105,11.153053370590463,12.089311646496027,11.761972408918814,10.255342641247232,10.91446975789282,9.975020054141048,10.936859840961644,9.162158533718937,10.166301043127525
0.3611111111111111,11.354507820926289,11.467782594171371,9.768610302995974,11.247497170819914,10.070050789291509,11.120930208653855,9.69478010390039,11.442725578826542,9.184273518691878,10.925175167584449,8.768116979560842,11.391830527948134,12.024157531099647,11.628773350367323,10.244997769519749,11.04713194398886,9.8114652277282,10.969196217521505,9.242432680888609,9.945526253780887
0.36507936507936506,11.529991320382711,11.427392095728733,9.864797952680469,11.291835647024293,10.119837848142822,11.233698617597707,9.73790042488982,11.254283181801847,9.158270561012662,10.975245686219049,8.718680116075697,11.639532207723999,12.239939586438714,11.805987144502446,10.272175333397646,11.075375247367619,9.83106683694254,10.998104618089588,9.130657196614205,9.890643046949707
0.369047619047619,11.701187447402964,11.107242939062662,9.76504378664692,11.018259232052127,10.151934620837686,11.244687615952373,9.717318483951148,11.117973832133,9.057068555404458,10.846341401031884,8.828491000322957,11.77643500221979,12.036693986490558,12.00798300741104,10.23910869612577,10.93563214773329,9.635541326866923,11.024137710866345,9.307853462187792,9.663959729068036
0.373015873015873,11.806275808537597,10.913129578491182,9.712693761489266,11.068763235609628,10.00927247488779,11.33341582769148,9.831954256198213,11.03735743853727,8.90454693653538,10.815924079382002,8.90632216453131,11.812359996356562,12.154563290388808,12.079280640573423,10.226144003600307,10.938901801681173,9.689556549132204,11.065130085678415,9.31828716816145,9.639277453630083
0.376984126984127,12.04611869724077,11.041119273901307,9.825204038620363,11.13308027645648,10.20014593446071,11.164256973759613,9.870478281814819,10.95995755235388,8.84031955381382,11.008530819218137,8.78361564764835,11.876775096878642,12.095588621180353,12.338760279419542,10.199852056223394,10.732675919168862,9.662686304604295,11.099815346300561,9.28305204948581,9.61196961180568
0.38095238095238093,12.132621582129065,11.015854778685394,9.732355849939553,11.22731320899331,10.169504178886298,11.117795840056962,9.958268488828587,11.050509881317717,9.029148762774831,10.96219728002252,8.844807179053385,11.871028227095108,12.205212469486105,12.49147664396578,10.298686020880195,10.643278393076455,9.730922928872243,11.188884243756442,9.301404971907562,9.56898413072376
0.3849206349206349,11.940468213010199,11.129230700476098,9.691778964937676,11.08368111586149,10.19426635824672,10.956246554501956,10.00037725901436,11.018832221465445,9.15459760356778,10.8675914592582,8.933237700424685,11.636462708516595,12.188817728312161,12.267947111166112,10.27978859847158,10.544522225276259,9.732911511423127,10.993404717140862,9.12135386767549,9.528861112093441
0.38888888888888884,11.855950616796077,11.398411847714046,9.87815560122596,10.758765567837676,10.247618973961337,10.843644619101466,10.053117902662713,10.978767137046637,9.220225248959762,10.94934528783653,8.801109319656968,11.927172852870926,12.116558110787789,12.228642984244251,10.248293032443561,10.541223962406526,9.521698518664797,11.074507183473267,9.094242321913503,9.491658571435845
0.39285714285714285,11.675822867097134,11.613430605368304,9.94530831115495,10.716135481162752,10.121274958415965,10.876298877802524,10.151028045957476,11.145872771091845,9.03310678939539,10.545128083727137,8.774778677461148,12.108271883805367,12.125459445481795,12.38882879580777,10.038480285209644,10.154990809239628,9.46953164407651,11.263800155004187,9.035573563624263,9.341185354681349
0.3968253968253968,11.607773957617843,11.714343929082132,10.01466911937057,10.590661223199684,9.984995971624219,10.7664746697683,9.863870206365323,10.854917034692452,9.003328571578953,10.55994328424802,8.960624670442789,12.290182768813475,12.174558741968454,12.03618473561244,9.819565077635104,10.245472053679537,9.533077252789685,11.199833661077141,9.324128006522855,9.257888028895536
0.40079365079365076,11.518773753050908,11.77195720752264,9.99862971652113,10.490208903487215,9.98007926166688,10.633824587193827,9.929615973371778,10.846190815181561,9.129115091122069,10.588747452240256,9.018668410277277,12.213560708674173,12.17533012803379,12.086582423714797,9.772254932773869,10.341394320990895,9.584275998426964,11.174053260391988,9.530161308394929,9.191956653410863
0.40476190476190477,11.526259444945628,11.744795555517717,9.857628303220704,10.36614175948278,10.053974976008686,10.46150982883845,9.763659414268572,10.966123540609777,9.094182240104608,10.90747046129942,9.123753972172072,12.304330639279934,12.146825034903598,12.021506952760895,9.658779670260378,10.195914657012064,9.707940157693322,10.885910275778494,9.578696209055932,9.228414448010769
0.4087301587301587,11.396090704033076,11.982039576650834,9.674648623884599,10.31552000730987,10.064529392784307,10.275396444788086,9.809602000057051,11.116938449590595,9.01744693391834,10.831954907672834,9.328989241100892,12.382341413686582,12.012807053941723,11.959002758493876,9.44746471368421,10.189874756437721,9.793953262418954,10.628493813306555,9.532056046008263,9.39813068014635
0.4126984126984127,11.420162104298262,12.07382296756635,9.648607200333952,10.276375696550367,10.155652296678563,10.165509090842827,9.974632049968035,11.089464127814233,9.024439992333095,10.724303935714657,9.345044836470016,12.141681003162576,12.196915225981844,11.794507267472074,9.241463199518567,10.157970091610583,9.678788198275345,10.820312101801242,9.624829284875643,9.327375829222557
0.41666666666666663,11.327715877321955,11.898032923813874,9.896210565956215,10.381200355209975,10.199817492489306,10.387315813140912,9.919633736730477,11.030360394085234,8.945219036379552,11.038899538301687,9.377527685168472,12.11744854731974,12.205527306501802,11.850880749891429,9.327077190394117,10.00059639057478,9.623388833684215,10.89376328087004,9.609826776096037,9.090734784723702
0.4206349206349206,11.584143571544102,11.876138534691824,9.925072843123038,10.512272548761144,10.271366939680197,10.303094445970833,9.820314332647312,11.00637610139736,8.90639311680275,11.0914133328874,9.50713344885921,12.176682846136675,12.247297376821114,11.892994811466624,9.340642084525896,9.988802410844164,9.77790483881767,10.98384712344453,9.652866878032055,9.052367565125692
0.4246031746031746,11.690609849342575,11.593844123578117,9.946832089624035,10.408807038181079,10.092617438740307,10.160815685665119,9.81081450321969,10.948064879233858,9.180328405782992,11.091914049463771,9.509387705721329,12.24013703298016,12.457251609062963,11.983139795479715,9.387784354459681,10.202304699774885,9.820276026758513,11.110603401329032,9.504076305550957,8.941123493931542
0.42857142857142855,11.826846893030233,11.56673487961677,9.989792570290673,10.369622155524528,10.180288338830874,9.983663093244369,10.009942148330019,10.890950190759675,9.24538121159192,11.165034696624074,9.556669215295134,12.145196857602786,12.728694567031637,12.040865179585595,9.196439171156944,10.040544604276153,9.84655753445499,11.078064033653288,9.806634077686436,8.999466950849705
0.4325396825396825,11.88564578889967,11.196397609321481,9.942611492012599,10.418190959381947,10.080691203588529,9.965919097279345,10.023888214175015,10.708038376766293,9.393109319883289,11.103601654966647,9.49384295799657,12.438196367149938,12.981462665705408,12.11015181996362,9.121967553801472,10.136538736482661,10.025524587379493,11.276917620437592,9.991171179304125,8.991699062917144
0.4365079365079365,12.141676945005331,11.384650529850447,9.770094271157408,10.604681642023289,10.02290774049213,9.917751269645867,10.04388850955575,10.682820534565593,9.400084535201573,10.936775419172847,9.397083729776844,12.733914270688617,12.930395274511131,12.192253710022921,9.11281328026865,10.200534878894668,10.08875081287385,11.435064049500042,10.017076716842205,9.050264983002148
0.44047619047619047,12.046250276139183,11.295201187161128,10.106273079212356,10.59845456449954,10.010867801108846,9.950482392075465,9.976167104974925,10.715652546558577,9.347401164689497,11.044837838494939,9.39267988221279,12.847644160930736,13.040266810074257,12.094550413808772,9.035079792411269,9.948313677265398,10.009482380479843,11.355278073584309,10.013226884463455,9.207911538161245
0.4444444444444444,11.977816354421703,11.235515469419138,10.053666890080324,10.375252966932027,9.806342383610302,9.916284580709165,9.91124448382121,10.64195742526328,9.426322382756616,11.058546952400844,9.327424788590477,12.745630503944398,13.314048507433373,12.252720043561167,9.052381335694973,9.774455960908153,10.201537010919589,11.401139766087015,9.904879108676948,9.181017071963252
0.4484126984126984,12.197370667896756,11.21290808661541,10.017108236229056,10.406842924578266,9.795218498015785,10.026473499857557,9.894972013045628,10.494978483718613,9.252649534925355,11.046088815044882,9.421477326625075,12.597457002836084,13.09630933804401,12.424284814313879,8.99244926250179,9.88931872002277,10.513932570792578,11.473673590357757,9.903512288153,8.94011994390459
0.45238095238095233,12.099225637212774,11.301075452866586,9.794608872299074,10.392477316793757,9.74224633103761,10.119055079538091,9.6999535485387,10.282792585581255,9.426632989358458,10.865785263381746,9.34603676966065,12.394378020474672,12.874554842389356,12.437872124068717,9.155817249522169,9.797543932968388,10.517155697114005,11.27273783988287,9.886834230030479,8.866970002713398
0.45634920634920634,12.069091336501184,11.399428522616939,9.765214760005534,10.628430869142113,9.6556030591521,10.25581192410696,9.853122355184547,10.233890405025743,9.401451566662326,10.75869329559984,9.255740379141617,12.294043813060679,12.896114691193604,12.396385683535769,9.217760946472959,9.6470089444082,10.671980637185051,11.28953522643309,9.893654812874578,8.903627346898444
0.4603174603174603,12.010939774341088,11.482656820051407,9.73599525220844,10.67578751435873,9.58951342078711,10.288548155111382,9.81273575801088,10.459670659645385,9.051275668085621,10.825566232155483,9.152296563674865,12.014021864353248,12.801805880775051,12.409624385392386,9.17713994923218,9.846411745228515,10.555633631698294,11.348957011555681,9.95465620484929,8.893657274033155
0.46428571428571425,11.964038978835177,11.401483554203145,9.70585961811267,10.593575012265571,9.742335620930204,10.435256746531063,9.569585525917676,10.387566661969068,8.953774530292211,10.697822480254422,9.284461612899578,12.091008669989865,13.159488297281188,12.563788792438608,9.227573661187169,9.799393455861816,10.362573694163316,11.230865954327605,10.021904130783005,8.890558359174976
0.46825396825396826,11.923460731332387,11.208659794891963,9.49091980163551,10.536329878902825,9.59017383255941,10.42643823824336,9.568619930913288,10.305806276704423,8.908266650588313,10.766643947114629,9.240772564080439,11.871528949296925,13.37048915722488,12.48302547691357,9.180975122621284,9.83314002466942,10.337608847393662,11.295513792721005,10.277097165189723,8.78614223763231
0.4722222222222222,11.999358435714448,11.155228181262638,9.70789252288332,10.470713609462534,9.565323976793266,10.550967028285807,9.540750368176992,10.674617043087286,9.135432415551483,10.937765675680053,9.173050646951852,11.69506059110899,12.928656742805648,12.61627686343881,9.306795695011374,9.809250123678163,10.145196652269712,11.244969435110155,10.32569061553071,8.72704619171312
0.47619047619047616,11.974005336911267,11.195688174573801,9.927189074564845,10.496533398631923,9.273118500625056,10.531241094954499,9.32887324455753,10.415849388277275,9.12743209514961,11.0704034720366,9.159703207151844,11.79725314653002,12.661627337422825,12.730390981197665,9.431476135814714,9.942022850364562,10.401822225873671,11.322964753957336,10.3631043699335,8.79229062073089
0.4801587301587301,11.899336722741182,11.0815096270791,10.015005894554175,10.521141963575289,9.195783312589526,10.442447781143038,9.574056324157958,10.435812036426734,8.959451019987414,10.887916318448978,9.105252763897266,11.859405793332119,12.798259879652088,12.406578322690722,9.389845681809962,9.976069249162139,10.481051217308234,11.209536387027644,10.310141769693047,9.060195680444066
0.4841269841269841,12.103835759983754,11.073220804707939,9.87825203647819,10.644511460967028,9.138975963038554,10.284379960869632,9.44136344769041,10.5247992063171,8.92819071728374,10.90664386502404,9.300086624193606,12.032144653820632,12.862102354409673,12.301548598992428,9.361888929726485,9.990804082894455,10.364400060626577,11.14265924956165,10.335698811993476,9.174403408496115
0.4880952380952381,12.072595007838903,10.912812290386558,9.968763917462951,10.688808919259904,9.319405752547704,10.194147885878587,9.282828810068237,10.462769661925504,8.82846342805466,10.90930508022817,9.381930159003057,12.109883685418902,13.214919338741682,12.108756938449247,9.678789510582744,10.09714543787825,10.639264405540436,11.002921105782045,10.210478715287813,9.424279235921546
0.49206349206349204,12.046749306954023,10.912969041835701,9.939039732338916,10.640809061740104,9.20822977966274,10.099646166958493,9.336871615336058,10.621235479577528,8.656143311368279,11.035712426491013,9.29742043929623,12.10109980626133,13.25197382159608,12.287907932739085,9.690053963588843,10.208521779241284,10.58550866892003,11.02075886543627,10.135941856742756,9.357112269503709
0.496031746031746,12.032984886057843,10.932001173334445,9.900255156843507,10.516705363270232,9.108683996236646,10.174426158076155,9.46033449103921,10.730841171037602,8.584586683787085,11.090442704252546,9.33398487047205,12.169825187640935,13.564471201326862,12.12814559275223,9.570629792997256,10.2523135576946,10.593452498671624,10.789158439504181,10.2562016372549,9.249773024702053
0.5,12.142958063826127,10.913227251582116,10.072886229011653,10.602401507629914,8.950763297932168,10.168960460564561,9.438139376035545,10.739330350040595,8.387159640216918,10.910417844887057,9.365448607624115,11.940114321052244,13.23482516908422,12.064731809762636,9.6132958908589,10.395309310643192,10.574817472662472,10.813825025734541,10.192865691969724,9.237453386928719
0.503968253968254,12.13315322515211,10.892010366015917,9.919439952811327,10.595318996982709,8.972130781016395,10.089724545764607,9.466334331339771,10.583800752792067,8.676647488862299,10.865299929912965,9.500264549911279,11.958039734016806,13.0598031408677,12.030515669925258,9.620489452220966,10.475275336149073,10.580489822942901,10.723083647262829,10.201504967079714,9.344318806720466
0.5079365079365079,12.12884552704625,11.138050742062799,9.856929930177804,10.621018208805841,9.10462415241846,9.977360848359428,9.33690088423,10.628270486859709,8.708154164912797,11.022013562267517,9.464346317320494,11.987981644653253,13.088728937372863,12.213741556273806,9.322445454191342,10.542333850213064,10.645999668018188,10.629010159842814,10.155921243052665,9.496824816088717
0.5119047619047619,12.026559265585256,11.24691619994217,9.767705731222794,10.771012579110566,8.969243865183818,10.170544104644897,9.451077888353216,10.586663402606355,8.778047755401483,11.153909270214452,9.564321340571865,12.10796935399256,13.009943246674332,12.298693966321663,9.362217840756466,10.482915713135087,10.500903503769527,10.494959111997472,10.172479723797842,9.26444147372266
0.5158730158730158,11.978951912706087,11.40686923672246,9.771299926532018,11.012721745193092,8.922327123657043,10.141460248011139,9.489530497776176,10.47039931219413,8.652656583391279,11.415504005019258,9.708103555904335,12.102317285650212,12.88036725132556,12.286332868124019,9.495963180051762,10.606053053418254,10.546326459326739,10.540115057355125,10.089973998548086,9.19509955005169
0.5198412698412698,11.98946203667654,11.276303312802831,9.580716064905701,10.88246977008839,9.07832513346011,9.984337347372476,9.502745321073393,10.491623074186197,8.796107680301834,11.276663455913544,9.954043894331141,12.118370572772111,12.691267410567198,12.178036642414753,9.449747094184028,10.552619803931993,10.379761888011252,10.675435801983417,10.211828186790553,9.015182785904052
0.5238095238095237,11.902253772673983,11.301020507353467,9.497325344996009,11.111556923865281,9.0014657910342,9.93157463566725,9.593877685351643,10.569742916146865,8.855215103023497,11.1831017214242,9.95070196450199,11.917631118043818,12.606866452417874,12.257102502728069,9.601730264223166,10.4446019159126,10.315564062576586,10.635614879493104,10.244110262537074,9.145053065855192
0.5277777777777778,11.98364789491167,11.468011025329542,9.584518691199378,10.99218936166451,9.080625876647561,9.944439483690337,9.716543282144286,10.560462946183836,8.752155631449254,11.131810389135547,9.960813862677055,12.001744453331291,12.363436331597171,12.242102514614071,9.61819263442043,10.451879059240383,10.308266938176608,10.503530409042268,10.267936705026475,9.350792331987254
0.5317460317460317,11.757979604807229,11.461211875851326,9.642007800154385,11.030451126403053,9.126383006857209,10.050555714180556,9.628429688796816,10.675267652169753,8.741324353506847,11.273627378203983,10.118030705385822,11.718481908846055,12.260706568970337,11.851430877512831,9.751127487086183,10.45641137853888,10.096520309749652,10.677245696885114,10.136939401168917,9.492151083111112
0.5357142857142857,11.804885120083924,11.159153235677385,9.525556998592508,11.062714333108731,8.978582824815124,10.04100216882622,9.688095910784607,10.344061955196661,8.69845888157233,11.289488511276605,10.155735605051161,11.750078348750487,12.404118777329565,11.995891830616676,9.748208453005805,10.34039365045709,10.09668634687758,10.499672577738844,10.205234286404439,9.50293153357372
0.5396825396825397,11.579948657170318,11.209075637914836,9.594048186413055,11.025499354245008,9.118382680827157,10.056359197251272,9.569213820129551,10.441994577219951,8.841670513884113,11.503765942144344,10.18459742258516,11.812044889150787,12.286257375007759,12.069281168863899,9.76110654291635,10.257410903068024,10.215689395445398,10.495970340826027,10.166664030363824,9.317122154365894
0.5436507936507936,11.537494732006634,10.944561211924862,9.305574165705307,11.222219512275796,9.211288560310662,9.92670475963436,9.842993703408524,10.368380220907612,8.82451014576979,11.58660225722943,10.36384159860045,12.027722398754406,12.431016980446444,12.003567218360988,9.699706968269131,10.187187232547066,10.266354143104797,10.469167613593998,10.463074500098667,9.264185646183558
0.5476190476190476,11.462324075798223,10.834569525446705,9.266844606827409,11.130768769687485,9.15589581780979,10.028004288390255,9.900975531642576,10.407117128522476,8.947057901152995,11.608797476224009,10.481501045475145,12.170202533461499,12.484167241472106,12.028729495708532,9.812549997308746,10.0543118225849,10.173501586277547,10.56241862151754,10.733130353395493,9.102897482368814
0.5515873015873015,11.369893207925916,11.01812714058687,9.351580397580658,11.225120788991845,9.053286347220647,10.04182951012693,9.897687126687687,10.559940144513693,9.030780681993122,11.880922453152406,10.485062355043718,12.329747871650932,12.54835708011448,11.917213254642457,9.765922029369872,10.042426680970143,10.265273000118976,10.557367184115112,10.768907310606798,9.273611132965135
0.5555555555555556,11.363098494194158,11.105241246007083,9.275358986603353,11.224582461890042,9.009936843384114,10.13670695536787,9.837889010502657,10.579783172463012,8.997876520973819,11.96019681503337,10.272659694322847,12.054999316416627,12.214798223552988,12.227281011644763,10.02402662804154,9.863741456025856,10.21249066857755,10.679815807292766,10.626874196083586,9.130411562052693
0.5595238095238095,11.093634959521053,11.260375438936972,9.272209773454811,11.094946503785582,9.103904109962045,10.337428131669764,9.81175666267211,10.59290407117707,8.993289962831609,12.066343505254308,10.260898956773485,12.30229537340308,11.92506386335636,12.24636466871191,9.970723124445897,9.694807606599023,10.404292583086548,10.867074754979935,10.732938996721265,9.206886202167132
0.5634920634920635,11.260647446837059,11.30530258147279,9.089021505407437,11.267386778997073,9.040491292861502,10.361990464032496,9.677721001866063,10.248860253799638,8.897162793308723,12.072039450238021,10.409216628907695,12.236447079904906,11.947803671743928,12.463914842638669,9.89311717054,9.514518748542349,10.41607896717742,10.952014148310415,10.811193287846496,9.169663763810489
0.5674603174603174,11.028209470624352,11.290967257470948,9.187717062458308,10.976107435652075,8.830572069774702,10.32639917801335,9.686616013266194,10.09408906318605,8.842567714943936,12.048397500047303,10.343624791473127,12.65292721739017,12.215726988449106,12.680264362752053,9.797428413948815,9.51829161469182,10.39741163519261,10.846328213007084,10.729760040071161,9.008156293666941
0.5714285714285714,10.965298460773806,11.161572472654699,8.977072523219391,10.904886687902936,8.815736975606768,10.228271838442074,9.759253614901516,10.191025644183314,8.689448131814169,11.940864671518518,10.048372254514332,12.547471772661742,12.363602030966366,12.568462244051057,9.81246868490835,9.531421361858207,10.532535007602831,10.97175613996457,10.937220268733455,8.982891392886323
0.5753968253968254,10.813500250641473,11.389190731330233,8.941606423392306,10.696431802139342,8.902948741224739,10.155471981867946,9.697491634738318,10.012030939125784,8.644141674950985,11.75097279457842,10.084410264221148,12.363969863327725,12.347363959558292,12.461138970050879,9.921870512915369,9.518740280866094,10.577414267463043,10.955082020355153,10.87775002975392,9.22010784310311
0.5793650793650793,10.712968255043567,11.397007853772728,8.913959099195047,10.723927634920752,8.774923711494878,10.040286193349534,9.599865719702693,9.999055344043487,8.605518881564546,11.719421754432794,10.006862166863835,12.477107023394765,12.548221645145516,12.505757460711532,10.10215072574543,9.471834929357787,10.502054107456313,10.948011602635349,10.74875118102117,9.420869074244674
0.5833333333333333,10.999720555830294,11.296129315998924,8.921865567596157,10.760994014527519,8.749702232204132,10.088388477988346,9.405932969566354,10.038624609428672,8.58292888324404,11.72485182193357,9.994003296857075,12.476690151946102,12.528357343875637,12.447387009636767,10.19191825384532,9.756962929505566,10.678001271216736,10.954041745242975,10.878726084192555,9.21761356585494
0.5873015873015872,11.003441420597605,11.421299195432397,8.830830789826583,10.611647730532374,8.617030435301755,9.904736425640051,9.474720415679855,9.995140444176776,8.858550380257409,11.999388263507933,9.980834531739546,12.67782023960103,12.52831417187526,12.625112561955856,9.906790952616388,9.638721250029853,10.527411984155592,11.092566771826808,10.914515200795414,9.072568543120436
0.5912698412698413,10.827847247775109,11.578335168607003,9.037843384427655,10.70030798097228,8.630748173506042,9.690467042771969,9.515780873011632,9.88969612435902,8.875824247222898,12.18031729790328,9.834061250307334,12.603363636963282,12.773638892964582,12.654062967320437,9.997421983552844,9.749456645692554,10.412492067514725,11.405662868489845,10.73556633920263,8.961543626757859
0.5952380952380952,10.607598938230504,11.859600956773209,8.877538999767358,10.563221015008933,8.61737837037709,9.610473087079964,9.491609507267539,9.710457687321037,8.713135183454735,12.127204828544569,9.813499026777901,12.45603958455764,12.585226847070379,12.737559888831827,10.193997767660141,9.739353680202182,10.350217379565755,11.49215105765322,10.651367210380297,9.084388320730516
0.5992063492063492,10.669204388055487,11.771245582295496,8.907069200012346,10.652583639509652,8.614747535976411,9.743818943439264,9.42705799975832,9.744000134826276,8.816792073612522,12.272181275005721,9.750422632934361,12.57748450209731,12.563643719419352,12.458579192510138,10.236213280290468,9.701748600234072,10.381153035453051,11.428132535955827,10.56229995186141,9.035054423385752
0.6031746031746031,10.66797980124538,11.71481544970139,8.584228583785082,10.685822623130852,8.54848467383716,9.760071344605393,9.458919481200326,9.513770934893168,8.785902267521497,12.106954926479478,9.724457866866553,12.539431846396552,12.428968507592385,12.355292372291016,9.831908682541467,9.532913336622538,10.373699068946799,11.448020138443056,10.439606068275161,9.020885184715778
0.6071428571428571,10.626580701896932,11.654932272296936,8.5855118841028375,10.783838216747105,8.473434734939815,9.700639399857852,9.297552387290288,9.404634036807687,8.944366505434381,12.126686763039611,9.65810619362239,12.71254972754327,12.345574008325968,12.399954834562823,9.887326688146313,9.515496877829804,10.420996131437681,11.489004017764517,10.550021034723917,9.106359128039397
0.611111111111111,10.504131551136778,11.601282709284092,8.641847130606646,10.658352153964929,8.567998619412986,9.783985013379755,9.127713916738434,9.39254164105936,8.951493180065805,12.200430193343728,9.606038614968451,12.81745349916278,12.096534242136372,12.469107187262086,9.812397280702251,9.593891344980385,10.512737837978829,11.677920578999638,10.544125376837052,9.01919011039218
0.615079365079365,10.310342009124215,11.549193437348434,8.52556424773963,10.672434686406346,8.580376847569557,9.741914870406315,8.964088134927993,9.280117133051224,9.135635664114313,11.943714744756237,9.538723050758097,12.782274688495113,12.116442139696531,12.320531670208869,9.809243971219745,9.42655014754773,10.474506856150436,11.618295031504685,10.840761208884114,9.063305901050004
0.6190476190476191,10.172829259733163,11.507620454488777,8.602632979755839,10.611648266491697,8.561211570827147,9.728970926620356,8.924440434690858,9.262193344829706,9.134740472895372,12.125987844838349,9.760853326516429,12.812166464457531,12.268600528677489,12.326257615452915,9.699050400163076,9.322696133691275,10.755116460876138,11.67507996879124,10.926361935473032,9.104915124292235
0.623015873015873,10.303035847468848,11.719964339828065,8.63960854514345,10.418313414307569,8.22253368748279,9.739080652308932,9.014863238452856,9.364231118803646,9.073582933933409,12.022795656930528,9.835813397690261,12.873339214766286,12.256607300834645,12.270453961274885,9.637588976247471,9.337871497355513,10.46042051117164,11.595130758757643,11.111812670139248,9.094414772013325
0.626984126984127,10.223923521026421,11.61880182170018,8.747578262781404,10.439616828870584,8.092406546984185,9.874770230252045,9.097481129566118,9.367481733590818,9.303730505258919,11.753063451827227,9.874698210828722,12.686648156364832,12.212225181638235,12.39745440188148,9.656607892749033,9.448507401512686,10.299408045977154,11.576006586012475,11.261440841363786,9.259061813767858
0.6309523809523809,10.048338787792698,11.563495881038158,8.656156967826636,10.676811449503916,8.171536215057897,10.038090688542926,9.034010132542488,9.38481252411146,9.146059176411567,11.57186178858196,10.091959883865027,12.59587019620909,12.308462443088533,12.445495735479703,9.495616175725445,9.368982659803647,10.40021064931467,11.648968412168278,11.246339450169812,9.201010356366496
0.6349206349206349,10.289019121996983,11.660341440352278,8.551970687373911,10.591251782847422,8.130728947591095,10.20281943047851,9.197950683195671,9.576917847336041,9.196245785761926,11.289423447112418,9.980284166830073,12.644649667453148,12.521016646581156,12.450593484360905,9.516324637084253,9.354832798867152,10.421258434676238,11.37962759806839,11.280596076369239,9.199061702919687
0.6388888888888888,10.345504016951704,11.828162163052758,8.364207556130289,10.565879993919323,8.0088425936309,10.330679829286769,9.067209701944911,9.564636519893972,9.084903175181914,11.232307037481895,10.053858285668703,12.944770410244969,12.679320408061837,12.626151211962814,9.45258019799802,9.370741395563021,10.45436019746533,11.520147011698999,11.4911114727386,9.093861594429178
0.6428571428571428,10.315673189959506,11.715053958192376,8.33128661528148,10.659298857405881,7.96558476798483,10.374885903961141,9.012159338328264,9.600239582696839,9.223578834826249,11.351130967919469,9.927622528357364,13.07856409883414,12.809276629067243,12.601899059620044,9.504223702802525,9.346971574441877,10.518042604139138,11.4903985317265,11.517784703849916,9.04833313028974
0.6468253968253967,10.455405194097658,11.641687905378607,8.192914075752626,10.665423725273586,7.928925535704961,10.62477247627472,8.930372971787499,9.364371172015245,9.27606789668428,11.27244729531493,9.868690054258607,13.160819461748615,13.04096616519729,12.617149124919258,9.359000375489254,9.451275993284998,10.453499948099386,11.43780320204941,11.439196797114596,8.878565113927158
0.6507936507936507,10.574083044535604,11.720137167759997,8.265238952445777,10.931104892501423,7.879929838808,10.90308151114439,8.94937183184425,9.3691139092576865,9.227154063574233,11.100876381305318,9.93366287038533,13.316928699943883,12.881010464700836,12.621353872779551,9.491534871909018,9.639857571068925,10.37391881713619,11.244924633932376,11.525289111787124,8.908129379712852
0.6547619047619048,10.493156995340595,11.872799570560286,8.273649798836118,11.034419718409696,7.930331024518871,11.08843854847299,8.755126666969932,9.280936067670451,9.18444774034559,11.055635999922522,9.865012565155634,13.39563985422376,12.872289399794406,12.646761489792071,9.499017482687607,9.667543992061683,10.377863694419702,11.261142389812745,11.520158218513531,9.086871401850708
0.6587301587301587,10.790182102623751,11.836697991133502,8.506095939576625,11.363251079744678,8.084714050157519,11.059109485183493,8.887856857082948,9.13999959968029,9.288965650435067,11.057812396624657,9.806375377803215,13.287644298812422,13.027537734413773,12.725455691657704,9.124513868314516,9.718297136231486,10.325255698210754,11.39254447716307,11.60419039861235,8.935670519599151
0.6626984126984127,10.756848969653712,11.62673896069919,8.383926649542463,11.414670923504017,8.186962573885637,10.916442706659565,9.025123274988628,9.257259199513777,9.166251630962691,11.093535901521372,9.991241853728424,13.494353617940439,12.931874695544131,12.869282119851924,9.016584515516765,9.687887095603374,10.380242939641546,11.567145431274794,11.707697834810693,8.832059132888523
0.6666666666666666,10.566776295388333,11.881225639597838,8.510692350071613,11.254099830585936,8.317499550134299,10.944315008812088,9.138062975948465,9.255848974619301,9.078008036989347,11.157595321765806,10.1951616255013,13.312476475493888,13.050805568703014,12.922145785635724,8.994380046572543,9.79771241139965,10.207909166326123,11.324486028756972,11.893506169109651,8.828023723061635
0.6706349206349206,10.548825753655466,12.099434327333288,8.45533943236918,11.315346081329235,8.283990400695709,10.869317074650592,9.129715047171842,9.367859705803879,9.125862569489005,11.124529917355076,10.102917172523874,13.151496730641194,13.066365836418955,12.960900193639567,9.035484629516263,9.868074792567128,10.020547317213452,11.29239256259067,11.884508404233992,8.628985935535724
0.6746031746031745,10.577703429112379,11.993057181314553,8.302572337471586,11.18563760136081,8.37358054238936,10.908338313974639,9.26478895715009,9.262349891521152,9.213630884039777,11.115145635089288,10.099246931691193,13.205037432023483,13.239466039696195,12.944754919657687,9.103934870705528,9.891878767741991,10.152426218922317,11.249291306560972,11.850801053579726,8.561756527365151
0.6785714285714285,10.89109167914031,11.984656269002993,8.3637186678621,11.04592799445128,8.271701493968532,10.8342315590046,9.3228948431202,8.987295138812838,9.01776070136254,11.274874915788493,10.227446488539867,13.491080192302169,12.936461628873785,13.127800906585092,9.287379137965317,10.07520990876615,9.873448134124308,11.318272384980435,12.088773512682794,8.522305242658208
0.6825396825396826,10.906917381448077,11.723308183666465,8.215012975019937,11.020903065120336,8.258188500226506,10.962019677148295,9.437325187498448,9.00683562406122,9.04070603869519,11.50304084322474,9.990963454080857,13.39573514076794,12.992134473917124,13.2271085165124,9.21531336366917,10.12389938685326,9.67286274280361,11.500142241361532,12.149326630927188,8.405922304805491
0.6865079365079365,10.971202676152025,11.809164645882737,8.107489765824177,11.1526712172412,8.489738770375018,11.269952822753543,9.459614315235973,9.115590287110631,8.910406448555541,11.385042094152471,9.93724876081289,13.575953475955851,13.16214051815393,13.176058057094856,9.31777153654893,10.074835486497559,9.71765321737458,11.399947175411953,12.057322495496813,8.38346602385999
0.6904761904761905,10.961848362056392,12.05293987019996,8.033907345140051,11.202432549195265,8.489377368919644,11.409021274578738,9.495639324959518,9.41368255092496,8.839697212519853,11.457082864869662,10.05633466526699,13.546599454544387,13.255439293230111,13.238590756008225,9.146225099724004,10.015596434862285,9.722029005692088,11.489452935205726,12.036352845023687,8.472919974193582
0.6944444444444444,10.91711723518829,11.808266690707656,8.056242303929128,11.31925984277558,8.457792259677818,11.517521266365542,9.247249282920077,9.520628106450221,8.988148275437656,11.461129023914658,10.106203723810351,13.631362148141967,13.49987364715235,13.113815947961962,9.101228715729398,9.996240152057887,9.705111562567325,11.333714166403725,11.984588574765517,8.49868720722033
0.6984126984126984,10.91364113214271,11.694249915006848,7.9564352117400885,11.451914783218282,8.396767641488205,11.524315106676228,9.185869814114358,9.64982826932505,9.103364932568638,11.65485295046563,10.06905655192908,13.388567521794728,13.488861918731708,13.051482673308149,9.02928742230361,9.973651619023668,9.805593723463181,11.220399803740296,11.904832644407028,8.468394234142464
0.7023809523809523,11.023792160200003,11.60154452897572,8.066177862425224,11.428507139202516,8.47976675898828,11.846756651400229,9.305084607466549,9.576397454560807,9.082277108076065,11.793653040410124,9.943645039832631,13.212204961191476,13.471249367538803,12.672109241891091,9.055015205875943,9.997657148915726,9.73608075563202,11.436642595022786,11.665066310833287,8.43527183808101
0.7063492063492063,11.317164299945127,11.503781840190205,7.946194520171096,11.089122142690753,8.70883026530723,11.836293105349188,9.318073561442086,9.620209807361167,8.977191373845287,11.956076051861162,10.046810103364901,13.532641699380653,13.619020982652778,12.552007733042645,8.913339524303634,10.103466430960058,9.808951318758712,11.392711376849693,11.813860505863433,8.254527675628447
0.7103174603174602,11.465969948164673,11.214167048054977,7.968860867686039,11.202211028579454,8.755212367384194,12.044754250518926,9.17718658912274,9.563909146662118,9.013431916354856,11.912349068151599,10.234498062539434,13.538429513157325,13.588832626279089,12.626811405559236,9.140490748792795,10.15500608414226,9.690710381496345,11.124029535079847,11.57080905161761,8.202617044213126
0.7142857142857142,11.643182045195806,11.286513181978796,7.984189948057927,11.513940411339531,8.727479767037135,12.287658755235174,9.068123218754925,9.616044525175381,9.19613168030308,12.071618768314014,9.957005502967602,13.551621340102534,13.8371794823234,12.978966516560268,9.25541699200198,10.251162741804379,9.918784112611911,11.114770962486904,11.67592861590084,8.21872549789759
0.7182539682539683,11.465317480517077,11.072102918804456,7.87863911949648,11.523784552401388,8.959576026622928,12.313977669614486,9.005918554480324,9.474847084410177,9.30282744439235,12.181404004702065,9.907466135546677,13.121024167928029,14.206590645650893,12.651666093179378,9.2208062195218,10.2174216201248,10.071189655354084,11.152002333704155,11.426801044279689,8.25769193893108
0.7222222222222222,11.609707177852375,11.069934183410915,7.837140914815973,11.330088108541494,8.873147813672086,11.820878593939064,9.251023089473195,9.43027133009042,9.351075397608986,11.9895632694968,10.15389969878216,13.325895784696797,14.107059293968673,12.678486828034632,9.070589155661922,10.210711724561246,10.208857228169913,10.967325387779178,11.15129677528202,8.191799014028929
0.7261904761904762,11.643305894665145,11.15427412536687,7.773543053582865,11.279085778937317,9.001620654239916,11.773245828003816,9.23121407970799,9.259535230960347,9.36111210635167,11.851001929095807,10.21734610126627,13.305051735291993,13.916705263881745,12.559699102514076,8.968572123431956,10.321801054852743,10.29209117719637,11.287387567117047,11.023533021969802,8.299992690570784
0.7301587301587301,11.431410212494296,11.127780997330431,7.869010562859416,11.148393732099025,8.955028622748692,11.84265083702714,9.157623676984365,9.265979664897275,9.488034274633634,12.059313748786222,10.192577257335085,13.383071035450325,14.15194609367051,12.527904770440786,8.9591717280004,10.167080069007758,10.461564892812671,11.30949768337074,11.082758162055455,8.427160004611743
0.7341269841269841,11.508065824130124,11.25488291215452,8.025755436661678,11.143873336971096,8.841543562401462,11.65105084576654,8.920408052321443,9.320059858274021,9.599421494696726,11.990895030784412,10.04467705653219,13.445794021207176,14.282273947042814,12.649347463106814,8.682051634524246,10.30469789375221,10.545090774341398,11.24919773194735,11.24705611670712,8.435772395537413
0.738095238095238,11.486438666656484,11.252576664814036,7.92214533750762,11.240542726758552,8.97937001096308,11.464418192693257,8.71024064128315,9.327932195431538,9.698951294636187,12.192766609247991,9.999171833182865,13.513872907728597,14.414045817025773,12.492509278644874,8.61956324968803,10.618872769864044,10.6351004262295,11.09713053081411,11.384824165025005,8.302901231715751
0.742063492063492,11.70174769712132,11.162460775242538,8.016526337446923,11.365270357252454,8.779100201262457,11.59746485807985,8.846459940878363,9.254275140314455,9.613527443828668,12.295873517228658,10.096550421300313,13.447197918634773,14.241540594637387,12.346321830096441,8.74318514753922,10.56671823028408,10.29060006264083,10.975434365840163,11.172848056974093,8.196171805214552
0.746031746031746,11.59072869504465,11.25507167960948,8.009863512362184,11.40035186226176,8.746113087107888,11.197379428883403,8.753136124792114,9.227586848026306,9.29433128254016,12.132521213807783,10.122946513964292,13.772013649727292,14.273138140804253,12.342794177618794,8.87353012060707,10.700832105834548,10.214178718639566,11.096298142342583,11.261267469580192,8.230575625316074
0.75,11.529447528194604,11.195054428338688,7.814714548624571,11.268332410888704,8.748864358711351,11.231714242501852,8.934822962478762,9.039627681797842,9.229266732420257,12.051847982432873,10.066314868205597,13.797237175438731,14.466815456648108,12.110956455210594,8.849734372562654,10.832807188709108,10.346790648957368,11.043583802703152,11.274930855627426,8.27752732806745
0.753968253968254,11.397061759515177,11.449246972544506,7.741566009974577,11.385736773873912,8.701281142185334,11.19504107374349,8.898912484573927,9.015387679154312,9.382694817865042,11.857866667218547,9.951420517802795,13.769506352157535,14.401933890477101,11.86783340546901,8.881149256695208,10.847713200345837,10.329937361688517,11.282611851106624,11.318012595015704,8.315058197746954
0.7579365079365079,11.373013693342267,11.447976140967919,7.787601945476391,11.582179612110348,8.524568128810081,11.10386314418348,8.642899520015455,8.817001509831702,9.361341616177974,11.887735820434353,9.939108917190504,14.055427077435569,14.465439109821322,11.811335183753439,8.78092533946472,10.760129029258557,10.33556901846343,11.105459465599624,11.15147318832842,8.448338673544177
0.7619047619047619,11.432123564136798,11.573019279135034,7.802780888089533,11.916902618047068,8.456966293245197,11.11405149700383,8.886082995543886,8.816333167294617,9.287496279877171,11.370607331080395,9.790687672602106,13.99119336005408,14.051056636450376,11.756529373780088,8.70035294958012,10.578323435949697,10.404195408736676,11.086157417684113,10.99890170087552,8.446792347932806
0.7658730158730158,11.32856187633697,11.604353413515875,7.567244598123015,11.844426174882603,8.293671517963228,11.123006262703749,8.766761135142179,9.01406565124075,9.05343850243631,11.546853139329698,10.127464078843914,13.75748832576213,14.264706682764336,11.524003270200474,8.654726932263275,10.640138649227847,10.395595686627905,10.858198053349426,11.185945091108056,8.3347509206539
0.7698412698412698,11.449063114220376,11.174132618756062,7.623681483408268,11.916803284839832,8.49808962667577,11.159003626952376,8.712048262682346,9.095478511169697,8.985833684892626,11.590627340821882,10.331331742784354,13.401778542064354,14.01868219586232,11.36547055066495,8.738009314017196,10.642854485388053,10.305356293243742,10.813835223031884,11.210206006439977,8.46381928973523
0.7738095238095237,11.277465574690417,10.984763481450727,7.687774304621768,12.098815967284619,8.302582256469877,11.177786055312223,8.723621298981413,9.267888356501686,8.895864155471317,11.711613770732335,10.421255524004403,13.386225118736744,13.742948790448775,11.374774612536642,8.810835018334563,10.507748397121983,10.164658965576345,10.995539442772337,11.324797614073214,8.371877098835606
0.7777777777777777,11.130868814083996,10.927527189618093,7.659248801674761,12.082525030753898,8.086136330305147,11.103982946181649,8.711461269502347,9.428333837013758,8.829168262186574,11.680243194775437,10.437793706894126,13.287936106328166,13.972070156660429,11.181088505698336,8.762254813400057,10.29721321741457,9.884633246877929,10.96257712077509,11.329444351746071,8.385520996447582
0.7817460317460317,11.33616605633836,10.961482415767922,7.592177471020184,12.164134661580858,8.158494251933028,11.141529132372057,8.54738321952393,9.390338703083923,8.839893344487525,11.89472489525133,10.377886910324696,13.253419763180938,14.104056235822584,11.37729640916517,8.881049149282724,10.187273622881342,9.862838720181074,11.08487820784773,11.295816762663728,8.443578934144119
0.7857142857142857,11.193337367850859,10.643943446489683,7.78405147115317,12.198492086263267,8.25328577266114,11.339384569823405,8.387249572464615,9.434564921114955,8.81488697598141,11.924593090135517,10.623374177969147,13.267571820092918,14.00460461618317,11.087268532614258,8.585554642252205,10.300230991171533,9.9265525944252,11.217989260683709,10.958606584085105,8.430596738148411
0.7896825396825397,11.252925784153893,10.774975112538677,7.7761559955566115,12.179296321257153,8.233911909772631,11.436461529509568,8.537042715711673,9.22090073159408,8.957286949883578,11.779433912148232,10.453174206403508,13.63639866869564,13.93228660484414,10.950930957928831,8.551257323124265,10.171311740024494,9.854560403660917,11.288403408759693,11.135825884740214,8.474971354888384
0.7936507936507936,11.200362067105408,10.694507858064554,7.775708466119103,12.206633702607636,8.213462524629874,11.655599742307283,8.46219360749076,9.326430091418223,8.78358315780319,11.769220220376729,10.58172928998596,13.749369605728848,14.09211603856649,10.987053092129248,8.695656446208915,10.15513984183348,9.925032965322655,11.234781437640988,11.411319006589514,8.47238636557884
0.7976190476190476,11.259622891558625,10.594807375754444,7.667337286628847,12.35737546082785,8.289820466517236,11.616687119277426,8.551943115252568,9.243413463033571,8.62088289960482,11.904958508592136,10.614039962754832,13.716861824099725,14.288801612534359,10.842051028064668,8.869142233028807,10.230106387593636,10.02471395267866,11.292535601024191,11.650284734546597,8.353895085200167
0.8015873015873015,11.503139316689841,10.390419655681537,7.53948589065797,12.42266051808051,8.438204612390638,11.70373149217516,8.738978189330586,9.354706574741382,8.503551945098815,11.69141526636793,10.731290340745295,13.94040897215702,14.281138443766839,10.813750550438474,8.966901144890787,9.926860058225289,10.076609074767083,11.439693963092973,11.696237766252134,8.286101120950624
0.8055555555555555,11.736787797519693,10.203041916216241,7.397063403669404,12.351342287937712,8.271778155269727,11.77959139003497,8.654641291835016,9.137842172982173,8.501446191234512,11.6822822383617,10.925124902823804,13.88818779978058,14.16276746739383,10.701421965962659,8.984042529522451,9.96335099866084,9.792200664369144,11.400735486242201,11.923588653167418,8.216665484525809
0.8095238095238095,11.689349947511245,10.211501315012852,7.3587187299705406,12.009105803604665,8.409850224482522,11.671191002636363,8.578925727373452,9.271954465189413,8.73852309065273,11.56706616438779,10.92463411293012,13.981493760776639,14.093330719788957,10.791895565901964,9.008049230421749,9.969725479390156,9.767835337553665,11.434928973256147,12.070369955273561,8.292583205888016
0.8134920634920635,11.358949693879696,10.278467405902177,7.486870722716686,11.890828301979095,8.431647854570626,11.553065988464443,8.367201963369084,9.21447991440015,8.891697133052196,11.345376188924028,10.953812665406316,14.189488239514583,14.172269963386979,10.854820307489886,8.952519501445481,9.741123262173248,9.801488680423848,11.210247539287355,12.133900494700626,8.414959428116173
0.8174603174603174,11.723467220587949,10.01154944032554,7.655051080897764,11.889254497720975,8.396676308734786,11.82993593417414,8.570917420775645,9.382627386530418,8.850463533249828,11.650381950040508,10.577257164364656,14.174586630682393,14.140511450103755,10.96608023172441,8.82471841062671,9.645254297328929,9.816239461623608,11.22907831572303,12.291965192737049,8.227497442109849
0.8214285714285714,11.823816794265008,9.886840659954217,7.808745221862453,11.519891969142495,8.532601654910751,11.708673610255577,8.490658107265327,9.38145826279752,8.76509729472352,11.67636105297668,10.55747960172898,13.840615755527253,13.966245354287917,11.017898541017226,8.758360335792105,9.586396276820999,9.896593676031657,11.23483034742624,12.286797254984158,8.084459480152004
0.8253968253968254,11.906149134934845,9.954988511868297,7.938314078810448,11.846704201974854,8.635256352063628,11.85117244335001,8.451329491627225,9.307451262158647,8.9068678213208,11.75363385508011,10.669948911123099,13.756506577563803,13.806522751711501,11.312638925909623,8.743187181869038,9.5050458517267309,9.874796582300178,11.475964821256794,11.99655825071338,8.10199708029682
0.8293650793650793,11.90555657463268,9.89950841011009,7.915529079686823,11.627954957263052,8.776459973546995,11.812902830126905,8.30832976458198,9.36717880156765,8.942563496069914,11.773618752809892,10.969549755326737,14.08501241099384,13.804237746899963,11.303800682908975,8.587469424054484,9.440205764550472,9.951787550941429,11.46489381673086,12.13896614350703,8.203704000650855
0.8333333333333333,11.983743701727082,10.1745064784336,7.795313672189901,11.460508220383575,8.745365552177027,11.651842336242348,8.38735688629894,9.361421702371512,8.89659584765944,11.542761466850639,10.813581129691968,14.048971479075,13.80401326711627,11.334002545187191,8.562219644726758,9.429139975233024,9.857794156849017,11.61851399794091,12.28311168770281,8.133445743149903
0.8373015873015872,11.96037552737114,10.336684888172767,7.764109260649114,11.674323768892227,8.832356119215596,11.430143488542907,8.560348284895527,9.288960276925637,8.893436260464732,11.554763802599247,10.846423357712716,14.253304956277658,13.718921629257457,11.118974426612507,8.78470785116091,9.528777510098596,9.942340315832737,11.676582919872901,12.455866094234738,8.134055973618054
0.8412698412698412,12.025368362307301,10.415768136371925,7.5325736452607845,11.35798572432943,8.866380485971902,11.259081003446777,8.58592931331192,9.185944219187192,9.028543956905542,11.754030880319295,10.850810430939982,14.33473835474017,13.689186579506668,11.073031905688755,8.67379100743603,9.514560443100072,9.93994757349954,11.884744930556431,12.202798351251902,8.152628940685572
0.8452380952380952,11.96630592936209,10.41764924706951,7.503746266204366,11.465602277324749,8.809842798810458,10.987145975267554,8.543730690509387,9.470270453512539,9.017606960352929,11.960908278765343,11.0423095630865,14.349076837546205,13.723549047661363,11.208278196439654,8.532840965479133,9.44542823130846,9.91451092541739,11.928872134344884,12.090242729801448,7.999307571110441
0.8492063492063492,11.76290472269912,10.455624606091297,7.6632329558236005,11.417375837598096,9.008131766826471,10.866745257528388,8.366888517645304,9.358753257500132,9.041712278847266,11.884655614290612,11.009414529273213,13.88378535507524,13.81243645456313,11.221176998835986,8.467834919938573,9.526413135244269,10.24137193982361,11.79399974305142,12.068558727511778,8.063925445252124
0.8531746031746031,11.91163379235726,10.364282704002298,7.676800457169187,11.484507416955955,9.027579793443882,11.002142672727722,8.526527527918404,9.426037218556402,9.132137979962934,12.115247678211285,11.010014276164238,14.011335093049139,14.108505312813906,11.466627366782793,8.578854260631328,9.648968291375256,10.15736437973255,11.718201500708817,12.356350396587795,7.896157557634027
0.8571428571428571,12.143348694835444,10.447856730908732,7.784455031416998,11.613650145838413,9.022436344398374,10.923206243947819,8.602158495997761,9.40208290047585,9.071054626465031,12.34771535518535,10.878535197796273,13.906666193644567,14.570354271212233,11.761527090283801,8.490329081986186,9.63284337737162,10.454854131125417,11.62946548250146,12.26442351977133,8.015355576807552
0.861111111111111,12.097645772717764,10.645793636764209,7.833527854252683,11.475618798014157,9.08384776635155,11.166182591329848,8.59874222463412,9.283387684391647,8.843437656029963,12.47657401554385,10.877175082359386,13.843536281999922,14.668266805520783,11.646735898687394,8.647024502238576,9.7394677602961,10.522493187299052,11.861399933329729,12.13649785836245,8.129986964932554
0.865079365079365,11.909542271202891,10.793389160093236,7.75795419629334,11.375374856287467,9.129647699349249,11.143243412872492,8.731247923086,9.12329305810714,8.842075925987935,12.742680826957612,10.720821318874036,13.752407332293119,14.505995554978508,11.356817777667048,8.51086569652934,9.737939520849498,10.549791123991703,11.754312491344708,12.50516642628615,8.00514420580957
0.869047619047619,12.007728424090908,10.684637530237454,7.931201168586108,10.955175074680472,9.049905089469085,11.013643195923784,8.876320424920387,8.954846562227692,8.980360653106917,12.90820951214382,10.700900154184618,14.071681019119277,14.641456254071105,11.521954025932581,8.478239235657341,9.706670204985636,10.618213220898244,11.53506170950322,12.509122157471742,7.88297043787409
0.873015873015873,12.00239536079369,10.470168113164732,7.924315598926685,10.824616874687285,9.044920524346384,10.975530548511575,8.82583102123068,8.798660125045199,8.961798282853607,12.995772288960465,10.621481837866485,13.862832104796135,14.430946518088302,11.797304482954944,8.413887999359138,9.596761369390952,10.431268882802105,11.454348551400301,12.517457175139734,7.943510430157042
0.876984126984127,11.744543990248118,10.456958030436114,7.828447240973416,10.877885226933808,9.347982023602402,10.895680392411352,8.691612803507562,8.635379881089627,9.03816109980685,12.682704986257423,10.600820021174624,13.40217854417974,14.706765395216289,11.95200547531996,8.355268062475588,9.461677899948802,10.679341517993503,11.155970976862303,12.396864111146579,7.974426090132442
0.8809523809523809,11.746257720885092,10.516456633351225,7.836352306990649,10.948627994876567,9.340548291644742,10.836200788194873,8.798784466039692,8.711390110643151,8.977062119867515,12.794689410032756,10.511137091158496,13.496383226028232,14.552164160009163,11.921486008620896,8.297002120292554,9.554395370661837,10.980949567883513,11.232153456078596,12.54526599453889,7.964316322208634
0.8849206349206349,11.654737012176595,10.69826202302614,7.688763297840934,11.233177811276313,9.306855943258858,10.845685890949113,8.87702316159598,8.686477524721054,8.874952963480194,12.808524528947844,10.734962940190444,13.62938808731269,14.610423287390532,11.954648205396056,7.983039923134462,9.624487349380434,10.96526088263958,11.464788418655948,12.775300806962957,7.884622970902008
0.8888888888888888,11.606159576470622,10.5232535275542,7.7738193276903855,11.243666311189719,9.394477973171186,10.85822082234991,8.822174298541002,8.909101402870734,8.92502472464377,12.675594760656152,10.659192458679772,13.59897565834498,14.972392999985765,12.023454043380232,7.852858558974484,9.463099018177502,10.836326513381726,11.638554000842424,12.589112580304954,7.896949209163567
0.8928571428571428,11.439629060624961,10.57293350021066,7.824030311353593,11.31088541458938,9.44324146336976,10.963772525992487,9.180885972882557,8.981532177533143,8.882899265383534,12.653139178561943,10.655700121225344,13.561350297038945,15.107303472454896,12.10401520763688,7.921073711617369,9.225254851823305,10.683855715231845,11.918381043083615,12.614251969148409,7.880046589967893
0.8968253968253967,11.703875906144427,10.605345443894926,7.790063644576567,11.322894512951665,9.380531158394467,11.03988465731435,8.891778010071436,9.171078340387059,8.978743733168521,12.496808324348073,10.60379021169424,13.844406843830829,15.112207052664283,12.163177057217514,8.08324010770911,9.295247008392343,10.595202472041242,11.85154981618211,12.744329192350172,7.886432237991634
0.9007936507936507,11.656538148718523,10.767363180523162,7.743195455370608,11.254997212474336,9.254541560131376,11.149765667537183,8.891924880228144,9.230447964933562,9.088282086215766,12.691342222333637,10.700980396595721,13.47354406746977,15.23664867204832,12.069417801184557,7.985103589135592,9.132315113901461,10.506325019848195,11.953322008368714,12.930563739912593,8.017530973506904
0.9047619047619047,11.424483375676479,10.76485914480789,7.83600935945117,11.363047734129262,9.3550354755382,11.169677440878964,9.021493376382521,9.330405881005033,9.04246192295929,12.665403883478815,10.874524345531816,13.293409816427642,15.559579113464451,11.984086346002158,7.9428410930279085,9.320596965823412,10.5512824424075,11.763057561661086,12.849337615103837,7.974704596880887
0.9087301587301587,11.454265214154661,10.717785430836086,7.732743028644012,11.431063491360923,9.37016875225675,11.058023087306585,9.192654496342168,9.386611149897623,9.05503164844061,12.455806556466918,10.827040987922954,13.419373282975364,15.393804569376174,12.032794820749135,7.783090956684715,9.540378149340356,10.497079650584014,11.705806509831907,12.440457943785495,7.894783164495045
0.9126984126984127,11.493675384597028,10.565300556213652,7.638396693597958,11.451080695958007,9.428395158323871,11.122127164674431,9.307479087683781,9.340296137598182,9.161776174733506,12.479526846860217,10.689350790157153,13.486501414393006,15.515856214092013,11.927445851711322,7.720805543552993,9.707425458762518,10.023798404565694,11.689726991083202,12.412042201469019,7.843931850132318
0.9166666666666666,11.35315542346785,10.497900252659031,7.680247650185923,11.335385788954758,9.394971483189483,11.181430414864284,9.326001559167288,9.450733414822679,9.332923261305844,12.279586468583524,10.745950477905774,13.710218171222749,15.781075815247137,12.00745507238699,7.756925018612749,9.556212025323648,9.895773922219613,11.55097318804036,12.466604847944025,7.816480506963607
0.9206349206349206,10.948667775018505,10.451358585600062,7.637610748252127,11.331002103637344,9.202535208408902,11.126040949846738,9.42027921945827,9.450899334166154,9.287483058240145,12.076598043166346,10.81919973313945,13.573733577193044,15.677125232951674,12.076886247838566,7.681273593323887,9.392103946476515,9.844255509323164,11.61344036415602,12.59540142264458,7.7543169382616535
0.9246031746031745,10.861968082196594,10.766777403601228,7.728067609581968,11.444468286866995,9.211646155450179,11.07309162274834,9.487817810386925,9.575937192466936,9.232227475500357,11.806398459386227,10.77109740388931,13.303995886937438,15.783712882072484,12.00167207354749,7.707822500588536,9.390905279135845,9.960692427117277,11.5991496586812,12.36380649738611,7.788808300820122
0.9285714285714285,10.941624626918122,11.105135648570412,7.709670933253979,11.543794794497137,9.494437046106107,11.228274470636626,9.485672958849163,9.481138494261216,9.196614345360155,11.707365396667317,10.865304761091375,13.462948240182698,15.770941723581398,11.971896666702749,7.697639622967868,9.411281523734427,9.87576310299823,11.556924925560569,12.280963494763006,7.93315913382007
0.9325396825396824,10.934696451689854,11.08315575360755,7.827539821600552,11.475177712319546,9.322291881016362,11.420872611413504,9.382549168576018,9.60300046256548,9.338999016533393,11.639138896014716,10.894482248802126,13.77444371806346,15.794585996383887,11.977790076126535,7.541993926823288,9.396441123206065,9.738113065527017,11.603498038857772,12.224579217723813,8.070581061364349
0.9365079365079365,10.922479512442676,10.939679822753353,7.877499929237762,11.380202842909126,9.208437313017484,11.438707904246387,9.528561553520792,9.566468796633709,9.251923334639013,11.792181742333268,10.720862890918859,13.766280217572225,16.016945358415615,12.293003278576476,7.449644572571792,9.387525175291643,9.898707482477652,11.642175687595458,12.147408905513446,8.11996774393857
0.9404761904761905,11.001237107340454,10.672378271453237,7.658708524749353,11.455328467001133,9.055809773417957,11.383671591005328,9.487617083377971,9.461384854188672,9.177643820110278,11.70515589321291,10.804940531989471,14.098965648357598,15.987887325313572,12.175995035515488,7.285141448704929,9.321113591387203,10.021128513177084,11.669477587020575,12.318092703331144,8.095505817774988
0.9444444444444444,10.839304187376484,10.743084384405316,7.531832103871303,11.60909753065133,9.015319864289346,11.624521760467232,9.453618009854292,9.236099598674464,9.149382363980763,11.878870048040504,10.64457865523884,14.38385282848218,15.958343188031833,12.091029932468409,7.184368282297231,9.520153946238082,9.844669453138824,11.513911552074783,12.11688241634766,7.95053649441706
0.9484126984126984,10.991430724246603,10.597746100048198,7.655457679391601,11.628201340953469,9.174694281304223,11.445157815213282,9.484945056180493,9.42763277709527,9.002233400839245,11.682396818199726,10.824726937167574,14.476888555840581,15.882739922854313,12.349071556387642,7.330286072941186,9.45235869962563,9.864648817171133,11.53043192308953,12.019442678859615,7.853547227474176
0.9523809523809523,10.991999206855688,10.908522843946091,7.723294900490123,11.583772844179327,9.158079584022467,11.315761805907343,9.487448545312217,9.490642067007425,8.9552645154054,11.548306305257562,10.877188269359642,14.55724696339985,15.71605977263779,12.11316286905765,7.25983670180259,9.489504403927437,9.624103663463817,11.357025741094672,11.842573544660379,7.737279743121046
0.9563492063492063,11.091710058660706,10.788769273244968,7.63067476218015,11.457320438829692,9.129725715033556,11.43896137137101,9.255298781638896,9.485095502881785,8.911403346560506,11.394382462119454,11.105221342796236,14.328669000284131,15.293468596735517,12.29063972322463,7.200931521986706,9.444137099401633,9.730749708553192,11.420292925302636,11.625247719520688,7.732306051395552
0.9603174603174602,11.238502074408814,10.80516832235525,7.503277444715673,11.398313372429518,8.983769174384735,11.307728073573085,9.206815864000756,9.569823449390855,8.919189971221579,11.18929106193547,11.093175147781709,14.739858430100144,15.157570768287549,12.052574726766766,7.114756225745192,9.349839854273645,9.487295768263083,11.107592172215133,11.786197020984304,7.9255693971679335
0.9642857142857142,11.27153143023098,11.337871582764334,7.602536374794897,11.188690899661209,8.992229822004923,11.437111982443005,9.279219144143656,9.577418028058501,8.99707851051302,11.107925752317662,10.87856738179569,14.803397841374396,15.487518249204264,12.125785145233422,7.18287420406707,9.274586475290258,9.394962945165245,11.498659755499432,11.700131361723754,7.787939787411219
0.9682539682539681,11.148763296794597,11.181903184622627,7.526074195661188,11.092144900264772,9.111376392762018,11.303664263853994,9.425353574134311,9.421733226536332,9.177839404468664,11.093110362021577,10.690902397117222,14.779203043685795,15.475865091147682,12.132693891210156,7.245346962206232,9.064712052131538,9.48521765035085,11.538474728045092,11.751854563087992,7.67382487183494
0.9722222222222222,11.314664191472668,11.226653268458117,7.699783454622536,11.253232883991766,9.375677873575661,11.382034030753719,9.276753259449675,9.174152283286293,9.273235969681862,10.99419553910855,10.866798485398805,14.644795672434721,15.23045590924076,12.08046801447529,7.36554711956351,9.054395851096533,9.35325795268894,11.321097320254012,11.602486281055072,7.6513141721945415
0.9761904761904762,11.034414043148539,11.072495997878386,7.874507035528127,11.413347763321488,9.533401119204596,11.357320747158978,9.202125021365433,9.151222704718712,9.126981035558087,10.995961645080062,10.785285863351186,14.142857074659034,15.12224279857547,11.939100700636983,7.459759585293121,9.070249275174627,9.406706545097135,11.321725949088561,11.78865968418626,7.616427465845266
0.9801587301587301,10.960240973402215,11.122424184419952,7.732422811208453,11.290162909011283,9.430596246317988,11.487009624339523,8.924251729106697,9.116316285441632,9.302760253447142,11.134926651220903,10.654217799839666,14.087123685131488,14.861557802942952,11.995917035420954,7.416743323166669,9.118936733169457,9.494019972999407,10.980106105606694,11.484657868577282,7.563726838240606
0.9841269841269841,10.92629388479504,11.00203456209082,7.651387836150186,11.321525481994636,9.372121908611586,11.682386684148296,9.03808091802884,8.996650463082823,9.398943477981595,11.270839895910829,10.696163570123137,13.906175899196134,14.58459780776084,11.718662518293984,7.4712262729518155,9.271969010091945,9.412573156981587,11.022842301712974,11.520191113111421,7.469543772291117
0.988095238095238,10.904747955517538,11.014066089328056,7.532684854512751,11.332777313654042,9.445248365221918,11.668557053953256,9.039739305133539,9.04514281517304,9.407713407956516,11.032111912414408,10.66286966529193,13.91742868484302,14.758479055688774,11.736393320944039,7.512078127769204,9.081640500194453,9.448631142423164,10.713952776864353,11.447405329206463,7.554090658888481
0.992063492063492,11.047166514389142,10.974254676120779,7.597183752187233,11.099175377258213,9.44517788188327,11.760728951552261,9.131366537677465,9.010338497317507,9.569514385893811,11.074285615902458,10.521582955585965,14.192441958139971,14.70619648853986,11.666046811527568,7.6632472170409995,9.019374768909165,9.527897036026124,10.658587630157125,11.54677463965904,7.573434379765865
0.9960317460317459,11.067459798196426,10.813157095176518,7.4755260981425415,11.214476478021156,9.479126944459077,11.498423890923121,9.067883272980463,9.10562750062351,9.636218680521369,10.916427820646625,10.192531249408047,14.367654930395586,14.833965534222074,11.844802635500475,7.687393728905749,8.83600239982113,9.461381236754661,10.643480921311248,11.389569610287987,7.430300444227233
1,11.125704261340895,10.815983181556035,7.2871673995216515,10.94881511376823,9.324803142430772,11.461794039135528,9.093427180633654,9.256075763301453,9.618677576482611,10.893642325926484,10.135996727650621,14.041450375102402,14.719041604733292,12.074165891945269,7.71901996502196,8.869281487531193,9.488765452651656,10.594013832801583,11.550228305876498,7.4036057247947475
